id	label	task_3_preds	TIN_probs	UNT_probs
0	UNT	TIN	0.5107474	0.48925263
1	TIN	TIN	0.72116584	0.2788342
2	TIN	TIN	0.5995465	0.40045348
3	UNT	TIN	0.6335814	0.36641857
4	UNT	UNT	0.4284108	0.57158923
5	TIN	TIN	0.5334047	0.4665953
6	UNT	UNT	0.45154718	0.5484528
7	UNT	TIN	0.52572334	0.4742767
8	UNT	UNT	0.48804715	0.5119528
9	UNT	TIN	0.72050554	0.27949437
10	UNT	TIN	0.74729306	0.25270694
11	TIN	TIN	0.7819628	0.21803711
12	TIN	TIN	0.7304022	0.2695978
13	UNT	TIN	0.5870641	0.41293588
14	UNT	UNT	0.44078106	0.559219
15	UNT	UNT	0.49718234	0.5028177
16	UNT	TIN	0.52516156	0.4748384
17	TIN	TIN	0.6921846	0.30781537
18	TIN	TIN	0.586246	0.41375396
19	UNT	UNT	0.47638634	0.5236137
20	TIN	TIN	0.77519065	0.22480932
21	TIN	UNT	0.48330328	0.5166967
22	TIN	TIN	0.7721298	0.2278702
23	TIN	TIN	0.69032776	0.30967224
24	TIN	TIN	0.5828538	0.41714624
25	TIN	TIN	0.6953782	0.30462182
26	UNT	TIN	0.7230226	0.27697742
27	TIN	TIN	0.6913917	0.30860826
28	UNT	UNT	0.4316177	0.56838226
29	TIN	TIN	0.7236311	0.27636886
30	TIN	TIN	0.68841666	0.31158325
31	TIN	TIN	0.6717538	0.32824618
32	TIN	UNT	0.47066113	0.5293389
33	TIN	TIN	0.79064184	0.20935811
34	TIN	TIN	0.7735164	0.22648369
35	UNT	TIN	0.58658504	0.413415
36	TIN	UNT	0.42213142	0.5778685
37	TIN	TIN	0.71907425	0.28092575
38	TIN	TIN	0.6985092	0.3014908
39	TIN	TIN	0.60800487	0.39199516
40	UNT	UNT	0.48426634	0.5157337
41	TIN	TIN	0.7016867	0.29831338
42	UNT	UNT	0.41649804	0.58350194
43	UNT	TIN	0.62263685	0.37736315
44	UNT	UNT	0.40859246	0.59140754
45	UNT	UNT	0.38151625	0.6184838
46	UNT	UNT	0.4439673	0.55603266
47	UNT	TIN	0.5909858	0.40901425
48	UNT	TIN	0.538546	0.46145397
49	UNT	UNT	0.49906832	0.5009316
50	UNT	UNT	0.38535008	0.61464995
51	UNT	TIN	0.52677846	0.4732215
52	UNT	UNT	0.4149711	0.5850288
53	UNT	TIN	0.5103416	0.48965842
54	UNT	TIN	0.6725146	0.3274854
55	UNT	TIN	0.68950605	0.310494
56	UNT	UNT	0.471248	0.528752
57	TIN	TIN	0.5124295	0.48757055
58	UNT	UNT	0.38202307	0.61797696
59	UNT	UNT	0.41837743	0.5816226
60	UNT	UNT	0.40938267	0.59061736
61	UNT	TIN	0.54232067	0.4576793
62	UNT	UNT	0.44926786	0.5507321
63	TIN	TIN	0.656771	0.34322894
64	UNT	TIN	0.628816	0.37118396
65	UNT	UNT	0.41820273	0.5817973
66	UNT	UNT	0.4162531	0.58374685
67	UNT	UNT	0.44523248	0.5547675
68	UNT	TIN	0.7178202	0.2821797
69	TIN	TIN	0.5695589	0.4304411
70	TIN	TIN	0.6699256	0.33007452
71	TIN	TIN	0.77577883	0.22422116
72	TIN	TIN	0.66697085	0.33302915
73	TIN	TIN	0.696661	0.30333906
74	TIN	TIN	0.6291868	0.37081316
75	TIN	TIN	0.6461559	0.35384417
76	TIN	TIN	0.76025724	0.23974276
77	TIN	TIN	0.75098133	0.2490187
78	TIN	TIN	0.6993882	0.30061173
79	TIN	TIN	0.7254327	0.27456725
80	TIN	TIN	0.7119907	0.2880093
81	TIN	TIN	0.7544297	0.24557026
82	TIN	TIN	0.65740174	0.3425983
83	TIN	TIN	0.76646745	0.23353255
84	TIN	TIN	0.6045018	0.39549828
85	TIN	TIN	0.5974383	0.40256172
86	UNT	UNT	0.4962556	0.5037444
87	TIN	TIN	0.7611728	0.23882721
88	TIN	TIN	0.6725588	0.32744122
89	TIN	TIN	0.717833	0.28216702
90	TIN	TIN	0.78617543	0.2138246
91	TIN	TIN	0.71940815	0.28059188
92	TIN	TIN	0.79017675	0.20982322
93	TIN	TIN	0.74645966	0.25354037
94	TIN	TIN	0.76377904	0.2362209
95	TIN	TIN	0.70003235	0.2999676
96	TIN	TIN	0.5632753	0.43672472
97	TIN	TIN	0.753211	0.24678904
98	TIN	TIN	0.60846156	0.39153844
99	UNT	UNT	0.4111537	0.58884627
100	TIN	TIN	0.74661714	0.25338283
101	TIN	TIN	0.7729581	0.22704187
102	UNT	UNT	0.47622636	0.5237736
103	TIN	UNT	0.487827	0.512173
104	TIN	TIN	0.78780794	0.21219207
105	UNT	UNT	0.4533926	0.5466073
106	UNT	UNT	0.40273532	0.5972646
107	TIN	TIN	0.8089871	0.19101293
108	TIN	TIN	0.6278373	0.3721627
109	UNT	TIN	0.60133916	0.39866084
110	TIN	TIN	0.73462576	0.26537418
111	TIN	TIN	0.6489159	0.35108414
112	TIN	TIN	0.742517	0.25748298
113	TIN	TIN	0.7192853	0.28071472
114	UNT	UNT	0.45496103	0.545039
115	TIN	TIN	0.76805395	0.231946
116	TIN	TIN	0.6151809	0.38481906
117	TIN	TIN	0.7043808	0.29561916
118	TIN	TIN	0.7412621	0.25873786
119	UNT	TIN	0.53675044	0.4632496
120	TIN	TIN	0.75218165	0.24781838
121	TIN	UNT	0.39732572	0.60267425
122	TIN	TIN	0.64308494	0.35691506
123	TIN	TIN	0.60734326	0.3926567
124	TIN	TIN	0.7331437	0.2668563
125	TIN	TIN	0.76897573	0.23102425
126	TIN	TIN	0.6086353	0.39136466
127	UNT	TIN	0.5266685	0.47333148
128	UNT	TIN	0.56810814	0.43189186
129	UNT	TIN	0.5579472	0.4420528
130	UNT	TIN	0.5545474	0.44545257
131	UNT	TIN	0.5103578	0.48964223
132	UNT	TIN	0.5236438	0.4763562
133	UNT	TIN	0.6096019	0.39039811
134	UNT	UNT	0.41618672	0.5838133
135	UNT	TIN	0.55565983	0.4443403
136	UNT	UNT	0.41231963	0.58768034
137	UNT	UNT	0.41247964	0.58752036
138	UNT	TIN	0.5185943	0.48140565
139	UNT	UNT	0.4902643	0.50973576
140	TIN	TIN	0.6738745	0.3261255
141	TIN	TIN	0.75928414	0.24071588
142	UNT	TIN	0.7375456	0.26245442
143	UNT	TIN	0.5999436	0.40005642
144	UNT	UNT	0.39376885	0.60623115
145	UNT	TIN	0.7230086	0.27699146
146	UNT	TIN	0.71133095	0.28866908
147	UNT	UNT	0.44814986	0.55185014
148	TIN	TIN	0.6711506	0.32884935
149	TIN	TIN	0.72983956	0.2701604
150	TIN	TIN	0.6925794	0.30742058
151	TIN	TIN	0.63810116	0.36189884
152	TIN	TIN	0.6233641	0.37663582
153	TIN	TIN	0.61631805	0.38368195
154	TIN	TIN	0.7495679	0.25043207
155	TIN	TIN	0.76643556	0.2335644
156	TIN	UNT	0.39460135	0.60539865
157	TIN	TIN	0.6648584	0.3351416
158	TIN	TIN	0.70814484	0.2918552
159	TIN	TIN	0.6476088	0.35239112
160	TIN	UNT	0.38217798	0.617822
161	TIN	TIN	0.72774535	0.27225465
162	TIN	TIN	0.7424152	0.25758487
163	UNT	UNT	0.44520286	0.5547971
164	TIN	TIN	0.69118726	0.3088127
165	TIN	TIN	0.63036543	0.3696346
166	TIN	TIN	0.8036873	0.19631274
167	TIN	TIN	0.6657981	0.3342018
168	TIN	UNT	0.4533789	0.5466211
169	TIN	TIN	0.56150377	0.43849626
170	TIN	TIN	0.75346345	0.24653651
171	TIN	TIN	0.70846283	0.2915372
172	TIN	TIN	0.74554217	0.2544579
173	TIN	TIN	0.74323803	0.25676197
174	TIN	TIN	0.7140031	0.28599694
175	UNT	UNT	0.42269135	0.5773086
176	TIN	UNT	0.4437384	0.5562616
177	TIN	TIN	0.591212	0.40878806
178	TIN	TIN	0.76673967	0.2332603
179	TIN	TIN	0.6843038	0.31569615
180	TIN	UNT	0.45739135	0.5426087
181	TIN	TIN	0.71920955	0.2807904
182	TIN	TIN	0.6174321	0.3825679
183	TIN	TIN	0.74274486	0.2572551
184	TIN	TIN	0.76542306	0.23457699
185	TIN	TIN	0.7204932	0.2795068
186	TIN	TIN	0.7082804	0.29171968
187	TIN	TIN	0.64365655	0.3563435
188	TIN	TIN	0.7558447	0.24415532
189	UNT	TIN	0.79584306	0.20415692
190	UNT	TIN	0.5742937	0.42570636
191	UNT	TIN	0.6739151	0.32608488
192	TIN	TIN	0.7806624	0.21933764
193	UNT	UNT	0.47679648	0.5232036
194	UNT	TIN	0.66826224	0.33173776
195	UNT	TIN	0.7226965	0.27730355
196	TIN	TIN	0.7419713	0.25802872
197	UNT	UNT	0.4339212	0.5660788
198	UNT	TIN	0.5895041	0.4104959
199	UNT	TIN	0.6799205	0.3200795
200	UNT	UNT	0.47808465	0.5219153
201	UNT	TIN	0.50180686	0.49819314
202	UNT	TIN	0.71917015	0.2808298
203	UNT	UNT	0.4121019	0.58789814
204	UNT	TIN	0.6914342	0.30856583
205	TIN	TIN	0.7820697	0.21793029
206	TIN	TIN	0.75741327	0.24258669
207	TIN	TIN	0.7392283	0.26077175
208	TIN	TIN	0.6511956	0.34880435
209	UNT	UNT	0.49183246	0.5081676
210	UNT	UNT	0.46759295	0.53240705
211	UNT	TIN	0.5633428	0.43665725
212	UNT	TIN	0.64302063	0.35697934
213	UNT	TIN	0.6965968	0.30340317
214	UNT	TIN	0.5047417	0.4952582
215	UNT	UNT	0.40940318	0.5905968
216	UNT	UNT	0.4202161	0.57978386
217	UNT	TIN	0.709841	0.290159
218	UNT	TIN	0.5119281	0.48807195
219	TIN	TIN	0.73373044	0.26626953
220	TIN	TIN	0.5985584	0.40144163
221	TIN	TIN	0.75727135	0.24272864
222	TIN	TIN	0.70906603	0.29093394
223	TIN	TIN	0.6726552	0.32734478
224	TIN	TIN	0.7000651	0.29993492
225	TIN	TIN	0.6637402	0.3362598
226	TIN	UNT	0.4899799	0.5100201
227	TIN	UNT	0.43808788	0.5619122
228	TIN	TIN	0.75020903	0.249791
229	TIN	UNT	0.40455693	0.59544307
230	TIN	UNT	0.39872903	0.601271
231	TIN	TIN	0.6461612	0.35383874
232	TIN	TIN	0.6427119	0.35728815
233	TIN	TIN	0.73119825	0.26880175
234	TIN	TIN	0.77187407	0.2281259
235	TIN	TIN	0.7931201	0.2068799
236	TIN	TIN	0.7568123	0.2431877
237	TIN	TIN	0.6591786	0.34082147
238	UNT	UNT	0.3816894	0.6183105
239	TIN	TIN	0.8013371	0.1986629
240	TIN	TIN	0.6004496	0.3995504
241	TIN	UNT	0.4951486	0.5048514
242	TIN	TIN	0.74695593	0.25304404
243	TIN	UNT	0.46003973	0.53996027
244	TIN	TIN	0.75896186	0.24103814
245	TIN	TIN	0.5531306	0.44686937
246	TIN	TIN	0.61084664	0.3891534
247	TIN	TIN	0.6990892	0.3009108
248	TIN	TIN	0.72403073	0.27596927
249	TIN	TIN	0.6428404	0.35715958
250	TIN	TIN	0.51619977	0.4838003
251	TIN	TIN	0.72991747	0.27008253
252	TIN	TIN	0.5062983	0.4937017
253	TIN	TIN	0.7129996	0.28700045
254	TIN	TIN	0.729441	0.27055907
255	TIN	TIN	0.7597032	0.24029675
256	TIN	TIN	0.5006913	0.4993087
257	TIN	TIN	0.5724799	0.4275201
258	TIN	TIN	0.6015015	0.39849845
259	TIN	TIN	0.516532	0.483468
260	TIN	UNT	0.49853933	0.5014606
261	TIN	UNT	0.4688964	0.5311036
262	TIN	TIN	0.67332906	0.3266709
263	TIN	TIN	0.6174264	0.38257357
264	TIN	TIN	0.5647886	0.43521145
265	TIN	TIN	0.60749036	0.39250967
266	TIN	UNT	0.45781112	0.5421888
267	TIN	TIN	0.66752183	0.3324782
268	TIN	TIN	0.61288565	0.38711438
269	UNT	TIN	0.6795975	0.32040253
270	UNT	TIN	0.730879	0.26912102
271	TIN	TIN	0.76765645	0.23234354
272	UNT	UNT	0.4781828	0.5218172
273	UNT	TIN	0.687266	0.312734
274	UNT	TIN	0.597104	0.40289596
275	UNT	TIN	0.62756085	0.37243918
276	UNT	TIN	0.6603814	0.33961862
277	UNT	TIN	0.622646	0.377354
278	UNT	TIN	0.53307503	0.4669249
279	TIN	TIN	0.6928036	0.30719638
280	UNT	TIN	0.7039258	0.29607418
281	UNT	UNT	0.46230137	0.53769857
282	UNT	UNT	0.4184464	0.5815536
283	TIN	TIN	0.6865986	0.3134014
284	TIN	TIN	0.78804445	0.21195556
285	TIN	TIN	0.65692025	0.3430797
286	TIN	TIN	0.5218129	0.47818705
287	TIN	TIN	0.69601035	0.3039897
288	TIN	UNT	0.44452575	0.5554742
289	TIN	TIN	0.6946483	0.30535164
290	TIN	TIN	0.58720404	0.412796
291	TIN	TIN	0.6847753	0.31522477
292	TIN	TIN	0.55713326	0.44286674
293	TIN	TIN	0.57929474	0.42070535
294	UNT	UNT	0.49533468	0.5046653
295	UNT	UNT	0.49538752	0.50461245
296	UNT	UNT	0.46494335	0.53505665
297	UNT	TIN	0.65466833	0.34533176
298	UNT	TIN	0.6403127	0.35968733
299	UNT	UNT	0.460781	0.539219
300	UNT	TIN	0.6460269	0.3539731
301	UNT	UNT	0.46062022	0.5393797
302	UNT	UNT	0.46051544	0.5394846
303	UNT	UNT	0.43333405	0.56666595
304	TIN	TIN	0.8061142	0.19388583
305	UNT	UNT	0.42274308	0.57725686
306	TIN	TIN	0.79054207	0.20945796
307	TIN	TIN	0.8049973	0.19500268
308	TIN	TIN	0.8013818	0.19861814
309	UNT	TIN	0.5077871	0.4922128
310	UNT	UNT	0.4918055	0.50819445
311	TIN	TIN	0.7155765	0.2844234
312	TIN	TIN	0.766525	0.23347498
313	TIN	TIN	0.7358306	0.2641694
314	UNT	TIN	0.56843185	0.43156815
315	TIN	TIN	0.73531735	0.2646826
316	TIN	TIN	0.5921108	0.4078892
317	TIN	TIN	0.7006149	0.29938516
318	TIN	TIN	0.7852175	0.2147825
319	TIN	TIN	0.74337107	0.25662893
320	TIN	TIN	0.6832265	0.31677347
321	UNT	TIN	0.59760755	0.40239257
322	TIN	TIN	0.7888566	0.21114336
323	TIN	TIN	0.7377148	0.2622853
324	TIN	TIN	0.7498654	0.25013462
325	TIN	TIN	0.78632224	0.21367778
326	UNT	TIN	0.70787776	0.2921223
327	UNT	TIN	0.5016692	0.49833077
328	UNT	TIN	0.61061114	0.3893889
329	UNT	UNT	0.3961757	0.60382426
330	TIN	TIN	0.7060393	0.29396063
331	TIN	TIN	0.644802	0.35519806
332	TIN	TIN	0.80715275	0.19284727
333	TIN	TIN	0.6733037	0.32669628
334	UNT	TIN	0.5743959	0.4256041
335	TIN	TIN	0.7142552	0.28574473
336	TIN	TIN	0.6557939	0.34420612
337	TIN	TIN	0.6656441	0.33435583
338	TIN	TIN	0.7030831	0.2969169
339	UNT	UNT	0.442578	0.55742204
340	TIN	TIN	0.7447143	0.2552857
341	TIN	TIN	0.7117184	0.28828165
342	TIN	TIN	0.7150095	0.2849905
343	UNT	TIN	0.67045444	0.32954553
344	TIN	TIN	0.74032354	0.25967646
345	TIN	TIN	0.8083147	0.19168535
346	UNT	TIN	0.7188239	0.28117612
347	TIN	TIN	0.69952625	0.3004738
348	TIN	TIN	0.73891145	0.26108858
349	TIN	TIN	0.73468274	0.26531714
350	TIN	TIN	0.6841104	0.31588966
351	TIN	TIN	0.80466086	0.1953391
352	UNT	UNT	0.42950907	0.5704909
353	UNT	UNT	0.39119735	0.6088026
354	TIN	TIN	0.5842198	0.41578016
355	TIN	TIN	0.79153377	0.20846629
356	TIN	TIN	0.6599649	0.34003517
357	UNT	TIN	0.67444056	0.32555944
358	TIN	TIN	0.74977106	0.25022897
359	TIN	TIN	0.6237477	0.37625235
360	TIN	UNT	0.469819	0.53018093
361	TIN	TIN	0.7812872	0.21871284
362	TIN	TIN	0.54437655	0.45562354
363	TIN	TIN	0.7699773	0.2300227
364	TIN	TIN	0.6872734	0.31272662
365	UNT	UNT	0.47091326	0.52908677
366	TIN	UNT	0.48070288	0.5192972
367	TIN	TIN	0.5452048	0.45479518
368	TIN	UNT	0.44751033	0.55248964
369	UNT	TIN	0.69359523	0.3064047
370	TIN	TIN	0.5822988	0.41770118
371	TIN	UNT	0.4431375	0.55686265
372	TIN	TIN	0.5810578	0.41894227
373	TIN	UNT	0.41067603	0.58932406
374	TIN	TIN	0.6792881	0.32071182
375	TIN	TIN	0.66798294	0.33201715
376	UNT	UNT	0.47290537	0.52709466
377	TIN	UNT	0.4051755	0.5948245
378	TIN	TIN	0.6075483	0.39245173
379	TIN	TIN	0.50591654	0.4940835
380	TIN	TIN	0.6447588	0.35524118
381	TIN	TIN	0.5432839	0.45671615
382	UNT	TIN	0.6873734	0.31262663
383	TIN	TIN	0.7937133	0.20628671
384	TIN	TIN	0.7688815	0.23111852
385	TIN	TIN	0.7943732	0.20562686
386	TIN	UNT	0.48055786	0.5194422
387	TIN	TIN	0.51558775	0.48441228
388	TIN	TIN	0.7085965	0.29140344
389	TIN	TIN	0.69027746	0.3097225
390	TIN	UNT	0.45318446	0.5468156
391	UNT	UNT	0.42976904	0.5702309
392	TIN	TIN	0.5751628	0.42483717
393	TIN	TIN	0.7243448	0.27565518
394	TIN	TIN	0.7312651	0.2687349
395	TIN	TIN	0.66009486	0.3399051
396	UNT	UNT	0.40505028	0.5949497
397	TIN	TIN	0.75428647	0.24571358
398	UNT	UNT	0.4801791	0.51982087
399	UNT	TIN	0.600772	0.39922798
400	UNT	UNT	0.4583598	0.5416402
401	UNT	UNT	0.43520623	0.56479377
402	UNT	UNT	0.4602453	0.5397547
403	UNT	TIN	0.6269174	0.37308264
404	UNT	TIN	0.64150757	0.3584925
405	UNT	UNT	0.40512592	0.5948741
406	UNT	UNT	0.43424615	0.5657539
407	UNT	TIN	0.50643563	0.49356434
408	UNT	UNT	0.39176065	0.6082393
409	UNT	TIN	0.7488318	0.2511682
410	UNT	TIN	0.6851929	0.31480706
411	UNT	UNT	0.42330337	0.5766967
412	TIN	TIN	0.7759659	0.2240341
413	UNT	UNT	0.46009704	0.5399029
414	UNT	UNT	0.42521873	0.57478124
415	TIN	TIN	0.80526876	0.19473125
416	TIN	TIN	0.64165205	0.35834804
417	TIN	TIN	0.59575874	0.40424126
418	TIN	TIN	0.6522556	0.34774438
419	TIN	TIN	0.7761054	0.22389455
420	TIN	TIN	0.71337104	0.28662905
421	TIN	TIN	0.6657993	0.33420068
422	TIN	TIN	0.6942361	0.30576396
423	TIN	TIN	0.7939758	0.20602423
424	TIN	UNT	0.4262992	0.5737008
425	TIN	TIN	0.758013	0.24198702
426	TIN	TIN	0.69359374	0.3064062
427	TIN	TIN	0.6959514	0.30404866
428	TIN	TIN	0.78289753	0.21710244
429	TIN	TIN	0.7455466	0.2544534
430	TIN	TIN	0.697763	0.3022369
431	TIN	TIN	0.7609568	0.23904324
432	TIN	TIN	0.600629	0.39937106
433	TIN	TIN	0.79470956	0.20529036
434	TIN	UNT	0.4309862	0.56901383
435	TIN	TIN	0.59820634	0.4017937
436	TIN	TIN	0.723253	0.27674702
437	TIN	UNT	0.47407272	0.5259273
438	TIN	TIN	0.69170463	0.30829534
439	TIN	UNT	0.40789154	0.5921085
440	TIN	TIN	0.57037044	0.42962956
441	TIN	UNT	0.47389397	0.52610606
442	TIN	TIN	0.7335714	0.26642862
443	TIN	TIN	0.69026214	0.30973783
444	TIN	TIN	0.64304066	0.3569593
445	TIN	TIN	0.6569888	0.34301123
446	TIN	UNT	0.4440553	0.5559448
447	TIN	UNT	0.39953843	0.6004616
448	TIN	UNT	0.4907815	0.5092186
449	TIN	TIN	0.79558176	0.20441826
450	TIN	UNT	0.419233	0.58076704
451	TIN	TIN	0.65302575	0.34697422
452	TIN	TIN	0.7262585	0.27374148
453	TIN	UNT	0.47575027	0.52424973
454	TIN	TIN	0.566553	0.43344703
455	TIN	TIN	0.721833	0.27816704
456	TIN	TIN	0.66004133	0.3399586
457	TIN	TIN	0.7112701	0.28872994
458	TIN	TIN	0.6233133	0.37668675
459	TIN	TIN	0.75665724	0.24334282
460	TIN	TIN	0.6041449	0.39585516
461	TIN	TIN	0.6133506	0.3866495
462	TIN	TIN	0.5955275	0.40447247
463	TIN	TIN	0.61280936	0.38719067
464	TIN	TIN	0.54105455	0.45894542
465	TIN	TIN	0.56643015	0.43356976
466	TIN	TIN	0.78254384	0.21745616
467	TIN	TIN	0.56036013	0.4396399
468	TIN	UNT	0.3821239	0.61787605
469	TIN	TIN	0.64447194	0.35552806
470	TIN	TIN	0.73185474	0.26814532
471	TIN	TIN	0.6510862	0.34891373
472	TIN	TIN	0.7343231	0.26567692
473	TIN	UNT	0.44440284	0.5555971
474	TIN	TIN	0.7222352	0.27776483
475	TIN	UNT	0.46447992	0.5355201
476	TIN	UNT	0.43421686	0.56578314
477	TIN	TIN	0.8097107	0.19028936
478	TIN	TIN	0.6136559	0.38634405
479	TIN	TIN	0.7450908	0.2549093
480	TIN	UNT	0.42511564	0.57488436
481	UNT	UNT	0.4583274	0.5416726
482	TIN	TIN	0.6074453	0.39255473
483	TIN	UNT	0.44710553	0.5528945
484	TIN	UNT	0.44238234	0.55761766
485	UNT	TIN	0.7348725	0.26512754
486	UNT	TIN	0.71967036	0.28032964
487	TIN	TIN	0.77850705	0.2214929
488	TIN	TIN	0.5631814	0.4368186
489	TIN	TIN	0.53687793	0.46312204
490	TIN	TIN	0.7606075	0.23939247
491	TIN	TIN	0.7101106	0.28988943
492	UNT	TIN	0.65246975	0.34753025
493	TIN	TIN	0.5093795	0.49062052
494	TIN	TIN	0.6958633	0.3041367
495	TIN	TIN	0.5517015	0.4482985
496	UNT	TIN	0.6458938	0.35410616
497	TIN	TIN	0.64330477	0.35669532
498	TIN	TIN	0.77917874	0.22082123
499	TIN	UNT	0.44953668	0.5504634
500	TIN	TIN	0.77000886	0.22999117
501	TIN	TIN	0.7262562	0.27374375
502	TIN	TIN	0.5594087	0.44059125
503	TIN	UNT	0.47883496	0.521165
504	TIN	TIN	0.5356345	0.46436548
505	TIN	UNT	0.40451553	0.59548444
506	TIN	TIN	0.50377846	0.4962215
507	TIN	TIN	0.7647092	0.23529087
508	TIN	TIN	0.6201367	0.37986344
509	TIN	TIN	0.58638823	0.4136118
510	TIN	TIN	0.7747143	0.22528565
511	TIN	TIN	0.53350884	0.4664912
512	TIN	TIN	0.6145492	0.3854508
513	TIN	TIN	0.5730805	0.42691946
514	TIN	TIN	0.5596804	0.4403196
515	TIN	TIN	0.69021064	0.3097894
516	TIN	TIN	0.6631456	0.3368543
517	TIN	TIN	0.51278096	0.4872191
518	TIN	TIN	0.6507181	0.34928194
519	TIN	TIN	0.61282927	0.38717073
520	TIN	TIN	0.5530531	0.4469469
521	UNT	TIN	0.6673036	0.33269638
522	UNT	TIN	0.5629408	0.43705925
523	UNT	UNT	0.4893737	0.5106263
524	TIN	TIN	0.5833822	0.4166178
525	UNT	TIN	0.54114914	0.45885083
526	UNT	UNT	0.4856974	0.51430255
527	TIN	TIN	0.656206	0.34379402
528	UNT	TIN	0.68719196	0.31280795
529	UNT	UNT	0.41481772	0.5851823
530	UNT	UNT	0.3952131	0.60478693
531	UNT	UNT	0.40975744	0.59024256
532	TIN	TIN	0.5490273	0.45097265
533	TIN	TIN	0.71278995	0.28721014
534	TIN	TIN	0.6453828	0.35461727
535	TIN	TIN	0.6790671	0.32093295
536	UNT	TIN	0.5103421	0.48965788
537	TIN	TIN	0.7614426	0.23855741
538	TIN	UNT	0.48126385	0.51873606
539	TIN	TIN	0.81206846	0.18793148
540	TIN	TIN	0.80776554	0.19223446
541	UNT	UNT	0.46236068	0.5376393
542	TIN	TIN	0.72516996	0.27483007
543	TIN	TIN	0.7527034	0.24729657
544	UNT	UNT	0.41707063	0.5829294
545	TIN	TIN	0.73403615	0.2659638
546	TIN	TIN	0.77741903	0.22258092
547	UNT	UNT	0.4754274	0.5245727
548	UNT	TIN	0.7811856	0.2188144
549	TIN	TIN	0.82191616	0.17808384
550	UNT	UNT	0.39958712	0.60041296
551	UNT	TIN	0.72944266	0.27055734
552	TIN	TIN	0.70514524	0.29485476
553	UNT	UNT	0.43967047	0.5603295
554	UNT	UNT	0.43634602	0.56365395
555	UNT	UNT	0.39726767	0.6027323
556	UNT	UNT	0.39824173	0.6017582
557	TIN	TIN	0.76361746	0.23638253
558	TIN	TIN	0.7108522	0.28914773
559	TIN	TIN	0.5552182	0.44478172
560	UNT	UNT	0.40052682	0.5994732
561	TIN	TIN	0.7824337	0.21756636
562	TIN	TIN	0.6730956	0.3269044
563	TIN	TIN	0.7408648	0.2591352
564	UNT	TIN	0.5592511	0.44074893
565	TIN	TIN	0.63920313	0.3607968
566	TIN	TIN	0.6563355	0.34366447
567	TIN	TIN	0.6083737	0.39162633
568	TIN	UNT	0.47249648	0.5275035
569	TIN	TIN	0.6714804	0.3285196
570	TIN	TIN	0.5145639	0.48543608
571	TIN	TIN	0.7819334	0.21806666
572	TIN	TIN	0.790678	0.20932193
573	TIN	TIN	0.6809711	0.3190289
574	TIN	TIN	0.7337297	0.26627022
575	TIN	TIN	0.69483334	0.3051667
576	TIN	TIN	0.7089415	0.2910585
577	TIN	UNT	0.46666968	0.53333026
578	TIN	TIN	0.79768455	0.20231546
579	TIN	TIN	0.81401014	0.18598986
580	TIN	TIN	0.81768924	0.18231072
581	TIN	TIN	0.70562065	0.29437932
582	TIN	TIN	0.78092796	0.21907209
583	TIN	TIN	0.5949647	0.40503538
584	TIN	TIN	0.8005884	0.19941159
585	TIN	TIN	0.7720306	0.22796938
586	TIN	TIN	0.53191155	0.46808845
587	TIN	TIN	0.7184121	0.2815879
588	TIN	TIN	0.5716199	0.4283801
589	TIN	TIN	0.7262303	0.27376968
590	TIN	TIN	0.5913368	0.40866315
591	TIN	TIN	0.55376697	0.44623303
592	TIN	TIN	0.5427923	0.4572077
593	TIN	TIN	0.7551318	0.24486822
594	TIN	TIN	0.6692486	0.33075136
595	TIN	TIN	0.75278467	0.24721529
596	TIN	UNT	0.4964452	0.5035548
597	TIN	TIN	0.672323	0.32767698
598	TIN	TIN	0.6364228	0.3635771
599	TIN	TIN	0.7916632	0.20833682
600	TIN	UNT	0.4592907	0.54070926
601	UNT	UNT	0.45314208	0.54685795
602	UNT	TIN	0.5871761	0.41282383
603	UNT	TIN	0.7734854	0.22651455
604	TIN	TIN	0.7856181	0.21438184
605	UNT	TIN	0.79888105	0.20111896
606	UNT	TIN	0.6484701	0.35152987
607	UNT	TIN	0.53567	0.46433008
608	TIN	TIN	0.6766648	0.32333523
609	UNT	TIN	0.745813	0.25418696
610	TIN	TIN	0.66766053	0.33233953
611	UNT	TIN	0.51203126	0.4879687
612	TIN	TIN	0.7158445	0.28415552
613	UNT	TIN	0.7010913	0.2989087
614	TIN	TIN	0.7833662	0.21663378
615	UNT	TIN	0.64156115	0.35843894
616	TIN	TIN	0.70628625	0.2937137
617	UNT	TIN	0.6002748	0.3997252
618	UNT	TIN	0.55568975	0.44431025
619	TIN	TIN	0.76021385	0.2397861
620	TIN	TIN	0.75423217	0.24576785
621	TIN	TIN	0.5932778	0.40672222
622	TIN	TIN	0.65910816	0.34089178
623	UNT	TIN	0.75696385	0.24303615
624	UNT	UNT	0.48326483	0.51673514
625	UNT	TIN	0.6494594	0.35054055
626	TIN	TIN	0.69638914	0.30361086
627	TIN	TIN	0.63362026	0.36637974
628	UNT	UNT	0.45713773	0.5428623
629	UNT	TIN	0.6250368	0.37496316
630	TIN	TIN	0.76031905	0.23968092
631	UNT	TIN	0.53714514	0.46285474
632	UNT	TIN	0.70895135	0.2910486
633	TIN	TIN	0.68160313	0.3183968
634	TIN	TIN	0.67762876	0.32237124
635	UNT	TIN	0.69737977	0.3026202
636	UNT	TIN	0.66837513	0.33162484
637	TIN	TIN	0.69655836	0.30344158
638	UNT	TIN	0.52967083	0.4703291
639	TIN	UNT	0.44316348	0.55683655
640	TIN	UNT	0.45724964	0.5427504
641	UNT	UNT	0.4583201	0.54167986
642	UNT	UNT	0.39056396	0.609436
643	UNT	TIN	0.6132204	0.38677958
644	TIN	TIN	0.75243205	0.24756794
645	TIN	UNT	0.45878744	0.54121256
646	TIN	TIN	0.64359725	0.35640275
647	UNT	TIN	0.70141506	0.298585
648	UNT	TIN	0.69190824	0.3080918
649	UNT	UNT	0.4015564	0.5984436
650	TIN	TIN	0.7289191	0.27108088
651	UNT	TIN	0.71730036	0.28269964
652	UNT	TIN	0.74030083	0.2596991
653	TIN	UNT	0.46804258	0.53195745
654	UNT	TIN	0.58866805	0.41133192
655	TIN	TIN	0.6598252	0.3401748
656	TIN	TIN	0.69154054	0.30845943
657	UNT	UNT	0.46302003	0.53698
658	TIN	TIN	0.63269174	0.36730823
659	TIN	TIN	0.7390387	0.26096135
660	UNT	UNT	0.4566854	0.5433146
661	UNT	TIN	0.63285565	0.36714435
662	TIN	TIN	0.67818433	0.32181564
663	UNT	TIN	0.6147254	0.3852746
664	TIN	TIN	0.7671778	0.23282225
665	UNT	TIN	0.6834747	0.31652525
666	UNT	TIN	0.6979841	0.3020159
667	UNT	UNT	0.4240899	0.5759101
668	TIN	TIN	0.6720989	0.32790112
669	UNT	TIN	0.5380695	0.4619305
670	UNT	TIN	0.6439619	0.3560381
671	UNT	UNT	0.48799798	0.512002
672	TIN	TIN	0.81579256	0.18420747
673	TIN	TIN	0.7654324	0.23456748
674	TIN	TIN	0.6291776	0.37082243
675	UNT	TIN	0.57677794	0.42322198
676	TIN	TIN	0.6217183	0.3782817
677	UNT	TIN	0.5077116	0.49228844
678	TIN	TIN	0.62992543	0.37007454
679	TIN	TIN	0.51815814	0.48184186
680	TIN	UNT	0.38154042	0.6184596
681	UNT	TIN	0.74002093	0.25997907
682	TIN	TIN	0.7113832	0.28861684
683	UNT	TIN	0.75601137	0.24398856
684	TIN	TIN	0.6515629	0.34843713
685	TIN	TIN	0.5876571	0.41234294
686	TIN	TIN	0.7925622	0.20743787
687	UNT	TIN	0.7236864	0.27631357
688	TIN	TIN	0.7521571	0.24784294
689	TIN	TIN	0.74718904	0.25281087
690	TIN	TIN	0.63796794	0.3620321
691	TIN	UNT	0.42396522	0.5760347
692	UNT	TIN	0.50576556	0.49423447
693	UNT	TIN	0.70801085	0.29198915
694	UNT	TIN	0.550824	0.44917598
695	TIN	TIN	0.75482	0.24518006
696	UNT	TIN	0.6209512	0.37904885
697	TIN	TIN	0.6735758	0.3264242
698	TIN	TIN	0.6284109	0.3715891
699	TIN	TIN	0.6979948	0.30200517
700	UNT	TIN	0.60738075	0.3926193
701	UNT	TIN	0.643861	0.35613903
702	TIN	TIN	0.55637836	0.44362167
703	UNT	UNT	0.47082135	0.52917856
704	TIN	TIN	0.7593684	0.2406316
705	TIN	TIN	0.5735098	0.42649022
706	TIN	TIN	0.72799367	0.27200636
707	UNT	TIN	0.703662	0.29633802
708	TIN	TIN	0.5387893	0.46121073
709	TIN	TIN	0.7020112	0.29798874
710	UNT	UNT	0.47799274	0.5220073
711	TIN	TIN	0.6817825	0.31821755
712	UNT	UNT	0.4627582	0.53724176
713	TIN	TIN	0.78195494	0.21804504
714	TIN	TIN	0.6998651	0.30013484
715	TIN	TIN	0.55342317	0.44657686
716	UNT	TIN	0.63300276	0.36699727
717	TIN	TIN	0.75668925	0.24331073
718	UNT	TIN	0.5089709	0.49102905
719	UNT	TIN	0.66588885	0.33411124
720	UNT	TIN	0.6122604	0.38773963
721	TIN	TIN	0.7439484	0.25605163
722	UNT	TIN	0.5106198	0.48938024
723	TIN	TIN	0.7686278	0.2313722
724	TIN	TIN	0.76538014	0.23461983
725	TIN	TIN	0.7521618	0.24783812
726	UNT	TIN	0.66083026	0.33916977
727	TIN	TIN	0.5548527	0.44514728
728	TIN	TIN	0.6605553	0.3394448
729	TIN	TIN	0.7263376	0.2736624
730	TIN	TIN	0.733168	0.26683196
731	TIN	UNT	0.48393682	0.51606315
732	TIN	TIN	0.7630152	0.23698469
733	TIN	TIN	0.5040377	0.49596235
734	TIN	TIN	0.75767547	0.24232455
735	TIN	UNT	0.44906318	0.5509368
736	TIN	UNT	0.49796885	0.5020312
737	TIN	TIN	0.6391788	0.36082125
738	TIN	TIN	0.73622537	0.2637747
739	TIN	TIN	0.6341859	0.3658141
740	TIN	UNT	0.3913935	0.60860646
741	TIN	TIN	0.6635261	0.33647394
742	TIN	TIN	0.5979129	0.4020871
743	TIN	UNT	0.4734327	0.5265672
744	TIN	TIN	0.6485351	0.35146484
745	UNT	TIN	0.7019894	0.2980106
746	TIN	TIN	0.7966839	0.20331602
747	TIN	TIN	0.63852674	0.36147332
748	TIN	TIN	0.74793947	0.25206056
749	TIN	TIN	0.7194924	0.28050768
750	TIN	TIN	0.70332384	0.29667622
751	TIN	TIN	0.5825427	0.4174573
752	TIN	TIN	0.7314005	0.26859948
753	TIN	TIN	0.78268427	0.21731573
754	TIN	TIN	0.59455067	0.4054493
755	TIN	TIN	0.789631	0.21036898
756	TIN	TIN	0.6255288	0.37447113
757	TIN	TIN	0.56759256	0.43240744
758	TIN	TIN	0.6358813	0.36411867
759	TIN	TIN	0.5709899	0.42901018
760	TIN	TIN	0.59085286	0.40914717
761	TIN	UNT	0.38176954	0.61823046
762	TIN	TIN	0.5526458	0.44735426
763	TIN	TIN	0.7279516	0.2720484
764	UNT	TIN	0.5646147	0.43538526
765	TIN	TIN	0.71200997	0.28799003
766	TIN	TIN	0.7524217	0.24757841
767	TIN	TIN	0.66036713	0.33963287
768	TIN	TIN	0.58682424	0.41317576
769	TIN	TIN	0.6927217	0.30727825
770	TIN	UNT	0.45074785	0.54925215
771	TIN	TIN	0.5465554	0.4534446
772	TIN	TIN	0.8028075	0.19719243
773	TIN	TIN	0.68554056	0.31445932
774	TIN	TIN	0.67465234	0.32534766
775	TIN	TIN	0.7829339	0.21706611
776	TIN	TIN	0.662676	0.33732408
777	TIN	TIN	0.7221693	0.2778307
778	TIN	TIN	0.6989549	0.3010451
779	TIN	TIN	0.79150254	0.20849751
780	TIN	UNT	0.40024278	0.5997573
781	TIN	TIN	0.5083578	0.49164218
782	TIN	TIN	0.52067447	0.47932556
783	UNT	UNT	0.49092206	0.50907797
784	TIN	TIN	0.7192979	0.28070217
785	TIN	TIN	0.62662613	0.37337378
786	TIN	TIN	0.60496044	0.39503956
787	TIN	TIN	0.6595814	0.3404186
788	TIN	TIN	0.58876455	0.41123545
789	TIN	UNT	0.40346053	0.59653944
790	TIN	TIN	0.591418	0.40858203
791	TIN	TIN	0.52517575	0.4748242
792	TIN	TIN	0.71939564	0.2806044
793	TIN	TIN	0.5980027	0.4019973
794	TIN	TIN	0.77771264	0.22228734
795	UNT	TIN	0.5008407	0.49915934
796	TIN	TIN	0.7029274	0.29707256
797	TIN	TIN	0.6812566	0.31874338
798	TIN	TIN	0.50907326	0.49092674
799	TIN	TIN	0.78409076	0.2159093
800	TIN	TIN	0.55205905	0.44794098
801	TIN	TIN	0.7115408	0.28845918
802	TIN	TIN	0.7715575	0.2284425
803	TIN	TIN	0.57037044	0.42962956
804	TIN	TIN	0.775951	0.22404903
805	TIN	TIN	0.5219891	0.47801092
806	TIN	TIN	0.6489305	0.3510695
807	TIN	UNT	0.4921683	0.5078317
808	TIN	TIN	0.58073765	0.41926235
809	TIN	TIN	0.66409177	0.33590823
810	TIN	UNT	0.4025638	0.5974362
811	TIN	TIN	0.69899404	0.30100596
812	TIN	TIN	0.6299285	0.37007156
813	TIN	TIN	0.68251103	0.31748897
814	TIN	TIN	0.74029285	0.25970718
815	TIN	TIN	0.7217937	0.27820626
816	TIN	TIN	0.6388407	0.3611593
817	TIN	TIN	0.6053203	0.39467973
818	TIN	TIN	0.68065995	0.31934002
819	TIN	TIN	0.70600855	0.29399148
820	TIN	UNT	0.45387557	0.54612446
821	TIN	TIN	0.6850224	0.31497756
822	TIN	TIN	0.767514	0.23248604
823	TIN	TIN	0.6584405	0.34155953
824	UNT	UNT	0.45731336	0.54268664
825	TIN	TIN	0.8217353	0.17826463
826	TIN	TIN	0.7306028	0.26939723
827	TIN	TIN	0.6986507	0.30134925
828	TIN	TIN	0.6946045	0.30539545
829	TIN	UNT	0.46855128	0.53144866
830	TIN	TIN	0.7615485	0.23845145
831	TIN	TIN	0.7484843	0.2515157
832	TIN	TIN	0.77245504	0.22754489
833	TIN	TIN	0.7861163	0.21388365
834	TIN	UNT	0.39955088	0.60044914
835	TIN	TIN	0.6631136	0.33688638
836	TIN	TIN	0.76205283	0.23794717
837	TIN	TIN	0.753816	0.24618392
838	TIN	TIN	0.68315107	0.31684893
839	TIN	TIN	0.5820798	0.41792017
840	TIN	TIN	0.77066505	0.22933497
841	TIN	TIN	0.6722373	0.3277627
842	TIN	TIN	0.5256804	0.47431952
843	TIN	TIN	0.78123605	0.21876399
844	TIN	UNT	0.4582467	0.5417533
845	TIN	TIN	0.6731434	0.3268566
846	TIN	TIN	0.6578104	0.34218964
847	TIN	TIN	0.6578385	0.34216142
848	TIN	TIN	0.6763575	0.32364246
849	TIN	TIN	0.67134607	0.3286538
850	TIN	TIN	0.7440251	0.2559749
851	TIN	TIN	0.6959056	0.30409434
852	TIN	UNT	0.40278202	0.5972179
853	TIN	UNT	0.49971882	0.5002812
854	TIN	TIN	0.70041704	0.2995829
855	TIN	UNT	0.44820628	0.55179375
856	TIN	TIN	0.5861225	0.41387743
857	TIN	UNT	0.44121435	0.5587856
858	TIN	TIN	0.7148319	0.28516814
859	UNT	TIN	0.7030026	0.2969974
860	TIN	TIN	0.6540315	0.34596843
861	TIN	TIN	0.6635174	0.33648264
862	TIN	TIN	0.70201856	0.29798147
863	TIN	TIN	0.7983418	0.20165822
864	TIN	TIN	0.6949504	0.30504948
865	TIN	TIN	0.68121135	0.3187887
866	TIN	UNT	0.39443353	0.60556644
867	TIN	TIN	0.64249384	0.35750616
868	TIN	TIN	0.50675625	0.4932438
869	TIN	TIN	0.67032874	0.3296712
870	TIN	UNT	0.49994296	0.50005704
871	TIN	TIN	0.543068	0.45693207
872	TIN	TIN	0.6559752	0.3440248
873	TIN	TIN	0.67874503	0.32125503
874	TIN	TIN	0.79385626	0.20614372
875	TIN	UNT	0.42465088	0.57534915
876	TIN	TIN	0.70383775	0.29616228
877	TIN	TIN	0.7824067	0.21759322
878	TIN	UNT	0.40647018	0.5935298
879	TIN	TIN	0.5159137	0.48408625
880	TIN	UNT	0.45177513	0.5482248
881	TIN	TIN	0.70924354	0.29075643
882	TIN	TIN	0.67280453	0.32719547
883	TIN	TIN	0.52249944	0.47750053
884	TIN	TIN	0.686193	0.31380698
885	TIN	TIN	0.7293374	0.27066264
886	TIN	TIN	0.76280403	0.23719604
887	TIN	UNT	0.4039563	0.59604377
888	TIN	UNT	0.38630405	0.6136959
889	TIN	TIN	0.580267	0.419733
890	TIN	TIN	0.56192416	0.43807584
891	TIN	TIN	0.6800235	0.31997648
892	TIN	TIN	0.67888707	0.3211129
893	TIN	TIN	0.6209017	0.3790983
894	TIN	TIN	0.68960714	0.3103929
895	TIN	TIN	0.50764346	0.4923565
896	TIN	TIN	0.6072582	0.3927418
897	TIN	UNT	0.41830242	0.5816975
898	TIN	UNT	0.48176593	0.5182341
899	TIN	UNT	0.47600746	0.52399254
900	TIN	TIN	0.7327354	0.26726463
901	TIN	TIN	0.70582426	0.29417568
902	TIN	TIN	0.7395112	0.2604889
903	TIN	TIN	0.56963015	0.43036985
904	TIN	TIN	0.74243414	0.25756583
905	TIN	TIN	0.7321498	0.26785025
906	TIN	TIN	0.5441587	0.4558413
907	UNT	TIN	0.67812854	0.32187143
908	UNT	TIN	0.7106157	0.28938428
909	TIN	UNT	0.49141255	0.5085874
910	TIN	TIN	0.6994901	0.3005099
911	UNT	TIN	0.5702109	0.42978913
912	TIN	TIN	0.77210635	0.22789367
913	UNT	TIN	0.5625629	0.43743718
914	UNT	TIN	0.5425712	0.45742887
915	UNT	TIN	0.560812	0.439188
916	UNT	TIN	0.6492623	0.35073775
917	TIN	TIN	0.756586	0.24341401
918	TIN	TIN	0.7293366	0.27066344
919	UNT	TIN	0.7081757	0.29182422
920	UNT	UNT	0.46142614	0.5385738
921	UNT	UNT	0.40495032	0.59504974
922	TIN	TIN	0.7460165	0.25398353
923	UNT	TIN	0.57183975	0.4281602
924	UNT	TIN	0.6545081	0.34549198
925	UNT	TIN	0.56041914	0.43958083
926	UNT	TIN	0.6821484	0.31785157
927	UNT	TIN	0.5618135	0.43818653
928	UNT	TIN	0.7455403	0.2544597
929	TIN	TIN	0.7024358	0.29756418
930	UNT	UNT	0.40575054	0.5942495
931	UNT	TIN	0.6648961	0.3351039
932	UNT	UNT	0.40912956	0.5908705
933	UNT	UNT	0.4539581	0.5460419
934	UNT	TIN	0.5385392	0.4614608
935	UNT	UNT	0.49410206	0.50589794
936	UNT	UNT	0.4634569	0.53654313
937	UNT	UNT	0.4735262	0.5264739
938	UNT	TIN	0.7926432	0.20735677
939	UNT	TIN	0.77167267	0.2283274
940	UNT	TIN	0.74149835	0.25850162
941	TIN	TIN	0.77301437	0.22698566
942	UNT	UNT	0.46016347	0.5398366
943	UNT	TIN	0.6738486	0.32615134
944	TIN	TIN	0.73486614	0.2651339
945	UNT	TIN	0.6545775	0.3454225
946	UNT	TIN	0.6836018	0.3163982
947	UNT	UNT	0.46379802	0.536202
948	UNT	TIN	0.54560524	0.45439476
949	UNT	TIN	0.53368986	0.46631008
950	UNT	TIN	0.6862068	0.31379315
951	UNT	UNT	0.4663827	0.5336173
952	TIN	TIN	0.7812701	0.21872993
953	UNT	UNT	0.41701818	0.5829818
954	UNT	UNT	0.4320418	0.5679582
955	TIN	TIN	0.76497364	0.2350264
956	TIN	TIN	0.5520597	0.4479403
957	TIN	TIN	0.7781212	0.22187887
958	TIN	TIN	0.74564546	0.25435454
959	TIN	TIN	0.5968115	0.4031885
960	UNT	UNT	0.4397562	0.56024384
961	UNT	TIN	0.6928619	0.30713803
962	UNT	UNT	0.4881746	0.51182544
963	UNT	TIN	0.7257176	0.27428228
964	UNT	UNT	0.48816973	0.51183033
965	UNT	TIN	0.5515175	0.44848245
966	TIN	TIN	0.59059876	0.40940124
967	UNT	TIN	0.508781	0.491219
968	UNT	UNT	0.46908885	0.53091115
969	UNT	TIN	0.6611265	0.3388735
970	UNT	UNT	0.41561005	0.5843899
971	TIN	TIN	0.77382106	0.2261789
972	UNT	TIN	0.65552944	0.3444706
973	TIN	TIN	0.76789296	0.2321071
974	TIN	TIN	0.70380783	0.29619217
975	UNT	UNT	0.41868266	0.58131737
976	UNT	UNT	0.41569847	0.58430153
977	TIN	TIN	0.6751843	0.32481575
978	UNT	TIN	0.78420776	0.21579215
979	UNT	TIN	0.7512346	0.2487654
980	TIN	TIN	0.661696	0.33830392
981	TIN	TIN	0.7627069	0.23729327
982	UNT	UNT	0.47513172	0.52486825
983	TIN	TIN	0.74029344	0.2597066
984	TIN	TIN	0.74366206	0.2563379
985	UNT	UNT	0.42103037	0.5789696
986	UNT	UNT	0.48188245	0.51811755
987	UNT	TIN	0.6756645	0.32433555
988	TIN	TIN	0.5060912	0.4939088
989	UNT	UNT	0.4958571	0.5041429
990	UNT	TIN	0.63692075	0.36307922
991	UNT	TIN	0.7435804	0.2564197
992	UNT	TIN	0.7004783	0.29952165
993	UNT	UNT	0.4592329	0.5407671
994	UNT	UNT	0.44132188	0.55867815
995	UNT	TIN	0.6958338	0.30416623
996	UNT	UNT	0.41951957	0.5804804
997	UNT	UNT	0.41146117	0.5885389
998	UNT	TIN	0.587411	0.4125891
999	TIN	TIN	0.7059416	0.29405847
1000	UNT	TIN	0.6720005	0.32799953
1001	UNT	TIN	0.5124997	0.48750037
1002	UNT	TIN	0.5786533	0.42134672
1003	UNT	UNT	0.39013508	0.60986495
1004	TIN	TIN	0.6293374	0.37066257
1005	UNT	TIN	0.66249716	0.33750284
1006	UNT	TIN	0.7592888	0.24071121
1007	UNT	UNT	0.41700765	0.5829923
1008	TIN	TIN	0.77026933	0.22973062
1009	UNT	TIN	0.54830676	0.45169324
1010	TIN	TIN	0.76795983	0.2320402
1011	UNT	TIN	0.6074157	0.39258432
1012	UNT	TIN	0.50376797	0.49623203
1013	UNT	TIN	0.65986305	0.340137
1014	UNT	TIN	0.6627391	0.33726087
1015	UNT	TIN	0.72113305	0.2788669
1016	TIN	UNT	0.47416443	0.52583563
1017	UNT	UNT	0.48804224	0.51195776
1018	UNT	TIN	0.7267483	0.2732517
1019	TIN	TIN	0.5806934	0.41930652
1020	UNT	TIN	0.5824932	0.41750684
1021	UNT	TIN	0.6617233	0.3382767
1022	UNT	TIN	0.6005383	0.39946172
1023	TIN	TIN	0.81464225	0.18535776
1024	UNT	TIN	0.75752383	0.24247617
1025	UNT	UNT	0.43377203	0.566228
1026	UNT	TIN	0.6994879	0.30051205
1027	UNT	TIN	0.7298731	0.2701269
1028	UNT	UNT	0.40470344	0.5952966
1029	TIN	TIN	0.77644336	0.22355658
1030	UNT	TIN	0.73910606	0.26089397
1031	UNT	TIN	0.5250416	0.47495842
1032	UNT	UNT	0.4599642	0.54003584
1033	TIN	TIN	0.66964555	0.33035448
1034	TIN	TIN	0.7971872	0.2028128
1035	UNT	TIN	0.6895932	0.31040683
1036	TIN	TIN	0.67409694	0.3259031
1037	UNT	TIN	0.7030471	0.2969528
1038	TIN	TIN	0.59413713	0.4058629
1039	UNT	UNT	0.45695296	0.543047
1040	UNT	UNT	0.42076078	0.5792392
1041	TIN	TIN	0.71684617	0.28315374
1042	UNT	TIN	0.6696166	0.3303834
1043	UNT	UNT	0.44332623	0.5566738
1044	UNT	TIN	0.69414216	0.3058578
1045	TIN	TIN	0.68454593	0.31545404
1046	UNT	TIN	0.62167597	0.37832403
1047	TIN	TIN	0.741492	0.2585081
1048	UNT	UNT	0.41766506	0.58233494
1049	UNT	UNT	0.39922884	0.6007711
1050	UNT	UNT	0.4481876	0.5518124
1051	UNT	TIN	0.58954126	0.4104588
1052	TIN	TIN	0.602512	0.397488
1053	TIN	TIN	0.8081843	0.19181566
1054	UNT	TIN	0.6911669	0.30883312
1055	UNT	TIN	0.6553485	0.34465146
1056	UNT	TIN	0.5659624	0.43403763
1057	UNT	TIN	0.67344576	0.32655427
1058	UNT	TIN	0.6727887	0.32721132
1059	TIN	TIN	0.7879141	0.21208586
1060	TIN	TIN	0.76978266	0.2302173
1061	UNT	UNT	0.47574687	0.52425313
1062	UNT	UNT	0.48785707	0.5121429
1063	UNT	TIN	0.7808295	0.21917051
1064	UNT	TIN	0.516396	0.48360404
1065	TIN	TIN	0.69406706	0.30593294
1066	TIN	TIN	0.74147314	0.25852686
1067	UNT	UNT	0.42403844	0.57596153
1068	TIN	TIN	0.72852665	0.27147335
1069	TIN	TIN	0.5670796	0.43292037
1070	TIN	TIN	0.7578018	0.24219824
1071	UNT	TIN	0.68837893	0.3116211
1072	UNT	UNT	0.40928128	0.5907187
1073	UNT	UNT	0.38207218	0.61792785
1074	UNT	UNT	0.46519038	0.53480965
1075	UNT	UNT	0.40789384	0.5921062
1076	UNT	TIN	0.65529114	0.34470886
1077	UNT	TIN	0.6706209	0.32937908
1078	TIN	TIN	0.78304595	0.21695404
1079	TIN	TIN	0.71738696	0.28261304
1080	TIN	TIN	0.7866582	0.21334176
1081	UNT	UNT	0.48286018	0.51713985
1082	TIN	UNT	0.38265377	0.6173462
1083	UNT	UNT	0.3965713	0.60342866
1084	UNT	TIN	0.778082	0.22191796
1085	TIN	TIN	0.71120757	0.28879237
1086	UNT	TIN	0.6300091	0.3699909
1087	UNT	TIN	0.60311776	0.3968822
1088	UNT	TIN	0.7280402	0.27195984
1089	UNT	UNT	0.45644447	0.54355556
1090	TIN	TIN	0.6775328	0.32246718
1091	TIN	TIN	0.6502686	0.3497314
1092	TIN	TIN	0.7177889	0.28221107
1093	TIN	TIN	0.577015	0.422985
1094	TIN	TIN	0.6837573	0.3162427
1095	TIN	TIN	0.55776095	0.44223908
1096	TIN	TIN	0.7698848	0.23011518
1097	UNT	TIN	0.54463106	0.45536894
1098	UNT	TIN	0.5301767	0.4698233
1099	UNT	TIN	0.6995764	0.30042365
1100	UNT	TIN	0.68741745	0.31258258
1101	UNT	TIN	0.7506285	0.24937154
1102	UNT	TIN	0.7457019	0.25429815
1103	UNT	TIN	0.76568353	0.23431645
1104	UNT	TIN	0.7775834	0.22241658
1105	TIN	TIN	0.6492809	0.35071915
1106	UNT	TIN	0.58183724	0.41816273
1107	TIN	TIN	0.6498381	0.35016185
1108	TIN	TIN	0.6789069	0.32109308
1109	UNT	TIN	0.695046	0.30495396
1110	UNT	TIN	0.75060165	0.24939843
1111	UNT	TIN	0.72309345	0.2769066
1112	UNT	TIN	0.54051745	0.45948255
1113	UNT	TIN	0.7269865	0.27301344
1114	TIN	TIN	0.76240337	0.23759672
1115	UNT	TIN	0.68814325	0.31185678
1116	UNT	TIN	0.7149072	0.28509274
1117	UNT	UNT	0.4208523	0.5791477
1118	UNT	TIN	0.68089193	0.31910798
1119	UNT	TIN	0.7054579	0.29454213
1120	UNT	TIN	0.6922395	0.30776042
1121	UNT	TIN	0.6950257	0.30497435
1122	TIN	TIN	0.7210482	0.27895182
1123	TIN	TIN	0.7163372	0.28366277
1124	UNT	TIN	0.5656751	0.43432483
1125	UNT	TIN	0.52488333	0.47511667
1126	UNT	TIN	0.7939994	0.2060007
1127	UNT	UNT	0.43841448	0.56158555
1128	UNT	UNT	0.49515826	0.50484174
1129	TIN	TIN	0.59852123	0.40147877
1130	TIN	TIN	0.666584	0.3334159
1131	UNT	TIN	0.5929884	0.4070116
1132	TIN	TIN	0.61424226	0.38575777
1133	UNT	TIN	0.5434957	0.45650423
1134	TIN	TIN	0.71558434	0.2844156
1135	UNT	TIN	0.7711863	0.22881371
1136	TIN	TIN	0.75001836	0.24998158
1137	TIN	TIN	0.66135234	0.3386476
1138	TIN	TIN	0.6947729	0.3052271
1139	TIN	UNT	0.45987248	0.5401275
1140	TIN	TIN	0.6156675	0.38433245
1141	UNT	UNT	0.4720118	0.52798814
1142	UNT	TIN	0.6824604	0.31753954
1143	UNT	TIN	0.60419774	0.3958023
1144	UNT	TIN	0.6820009	0.31799915
1145	TIN	TIN	0.75641555	0.24358441
1146	TIN	TIN	0.7715552	0.2284448
1147	TIN	TIN	0.79395473	0.20604527
1148	TIN	TIN	0.6548734	0.34512663
1149	UNT	TIN	0.7059256	0.29407436
1150	UNT	TIN	0.700262	0.29973805
1151	UNT	TIN	0.67856085	0.32143918
1152	TIN	TIN	0.78414494	0.21585508
1153	UNT	UNT	0.41353065	0.58646935
1154	UNT	UNT	0.44013163	0.5598684
1155	TIN	TIN	0.5920825	0.40791753
1156	UNT	TIN	0.54891753	0.45108253
1157	TIN	TIN	0.772196	0.22780399
1158	UNT	TIN	0.7509771	0.24902296
1159	UNT	TIN	0.7376909	0.26230913
1160	UNT	TIN	0.7255963	0.27440372
1161	UNT	TIN	0.5071661	0.4928339
1162	UNT	TIN	0.74657786	0.25342217
1163	TIN	TIN	0.80867743	0.1913225
1164	TIN	TIN	0.68425196	0.31574804
1165	TIN	UNT	0.3867519	0.6132481
1166	TIN	TIN	0.61268705	0.387313
1167	TIN	TIN	0.67923266	0.32076734
1168	TIN	TIN	0.7558743	0.24412568
1169	TIN	TIN	0.7533947	0.24660523
1170	TIN	UNT	0.41995302	0.58004695
1171	TIN	TIN	0.50198495	0.49801505
1172	TIN	TIN	0.7922784	0.20772159
1173	TIN	TIN	0.57325363	0.42674634
1174	TIN	TIN	0.66775596	0.33224407
1175	TIN	UNT	0.48922345	0.51077664
1176	TIN	TIN	0.659702	0.34029797
1177	TIN	UNT	0.47070637	0.52929366
1178	TIN	TIN	0.7238733	0.27612668
1179	TIN	UNT	0.49275887	0.50724113
1180	TIN	TIN	0.7555053	0.24449469
1181	TIN	TIN	0.5702109	0.42978913
1182	TIN	TIN	0.5592917	0.44070828
1183	TIN	TIN	0.6015364	0.39846358
1184	TIN	UNT	0.49528655	0.50471336
1185	TIN	TIN	0.5661679	0.4338322
1186	TIN	TIN	0.7010021	0.29899782
1187	TIN	TIN	0.70046943	0.2995305
1188	TIN	TIN	0.77981246	0.22018749
1189	TIN	TIN	0.5742103	0.42578974
1190	TIN	TIN	0.6043806	0.39561936
1191	TIN	TIN	0.7727188	0.22728126
1192	TIN	TIN	0.5297572	0.47024283
1193	TIN	TIN	0.5876538	0.41234618
1194	TIN	TIN	0.6980716	0.30192837
1195	TIN	TIN	0.6405663	0.3594337
1196	TIN	TIN	0.55009043	0.44990957
1197	TIN	TIN	0.65409607	0.34590387
1198	TIN	TIN	0.72741294	0.27258703
1199	TIN	TIN	0.73309577	0.26690426
1200	TIN	TIN	0.6531972	0.34680286
1201	TIN	TIN	0.8117847	0.18821527
1202	TIN	TIN	0.75995195	0.24004804
1203	TIN	TIN	0.7513121	0.24868795
1204	UNT	TIN	0.6944068	0.30559316
1205	TIN	TIN	0.7106241	0.28937587
1206	UNT	TIN	0.5981503	0.40184975
1207	UNT	UNT	0.42330235	0.5766976
1208	UNT	UNT	0.38165948	0.61834055
1209	UNT	TIN	0.76884925	0.23115075
1210	TIN	TIN	0.6711923	0.32880774
1211	TIN	TIN	0.80447656	0.19552338
1212	TIN	TIN	0.6688052	0.33119482
1213	TIN	TIN	0.67024016	0.32975984
1214	TIN	TIN	0.7462192	0.25378084
1215	TIN	TIN	0.7519617	0.24803825
1216	TIN	TIN	0.7690844	0.23091565
1217	TIN	TIN	0.6466789	0.35332108
1218	TIN	TIN	0.7738141	0.22618592
1219	TIN	TIN	0.65160865	0.34839135
1220	TIN	UNT	0.4008416	0.59915835
1221	TIN	TIN	0.6323237	0.36767638
1222	TIN	TIN	0.6282999	0.3717001
1223	TIN	TIN	0.52262324	0.47737676
1224	TIN	UNT	0.42769647	0.57230353
1225	TIN	TIN	0.56787163	0.43212837
1226	TIN	TIN	0.75918233	0.24081764
1227	TIN	TIN	0.53948724	0.46051273
1228	TIN	TIN	0.68489796	0.3151021
1229	UNT	TIN	0.7422686	0.25773132
1230	TIN	UNT	0.44985214	0.5501479
1231	TIN	TIN	0.7950212	0.20497881
1232	UNT	TIN	0.60059613	0.39940387
1233	UNT	TIN	0.5332314	0.46676865
1234	TIN	TIN	0.71324027	0.28675973
1235	TIN	UNT	0.4634525	0.53654754
1236	TIN	TIN	0.63276577	0.36723426
1237	TIN	UNT	0.4846606	0.5153394
1238	TIN	UNT	0.45437467	0.5456253
1239	TIN	UNT	0.4567709	0.54322904
1240	TIN	TIN	0.78200805	0.21799202
1241	TIN	UNT	0.4951775	0.5048225
1242	TIN	TIN	0.774029	0.22597101
1243	TIN	TIN	0.8102456	0.18975434
1244	UNT	TIN	0.63239235	0.36760768
1245	TIN	TIN	0.7645936	0.2354064
1246	UNT	TIN	0.77994734	0.22005275
1247	TIN	TIN	0.77387184	0.22612822
1248	TIN	TIN	0.81361884	0.18638112
1249	UNT	TIN	0.54141146	0.45858845
1250	UNT	TIN	0.6116446	0.38835543
1251	UNT	TIN	0.59467614	0.40532386
1252	UNT	TIN	0.63473845	0.36526155
1253	UNT	TIN	0.5212325	0.47876754
1254	UNT	TIN	0.76342213	0.23657778
1255	UNT	TIN	0.6072812	0.39271882
1256	TIN	TIN	0.75324625	0.24675377
1257	TIN	TIN	0.7793029	0.22069709
1258	TIN	TIN	0.6444421	0.35555792
1259	TIN	UNT	0.4335504	0.56644964
1260	UNT	TIN	0.57791704	0.422083
1261	UNT	TIN	0.69156724	0.30843285
1262	UNT	TIN	0.57100487	0.42899516
1263	UNT	UNT	0.44732925	0.5526708
1264	UNT	UNT	0.43983984	0.56016016
1265	TIN	TIN	0.5418835	0.45811653
1266	UNT	TIN	0.6913381	0.3086619
1267	UNT	UNT	0.38967335	0.61032665
1268	TIN	TIN	0.7428544	0.25714555
1269	UNT	UNT	0.38192102	0.6180789
1270	UNT	TIN	0.7254898	0.27451017
1271	TIN	TIN	0.76004	0.23995997
1272	UNT	UNT	0.38890526	0.6110948
1273	TIN	TIN	0.7405378	0.2594622
1274	TIN	TIN	0.7980467	0.20195335
1275	TIN	TIN	0.5788593	0.4211407
1276	TIN	TIN	0.72411007	0.27589
1277	TIN	UNT	0.4979218	0.5020781
1278	TIN	UNT	0.47356075	0.52643925
1279	TIN	TIN	0.7411806	0.25881934
1280	TIN	UNT	0.3817616	0.6182384
1281	UNT	TIN	0.519524	0.48047602
1282	TIN	UNT	0.47104713	0.52895284
1283	UNT	TIN	0.52534044	0.47465956
1284	UNT	TIN	0.6600735	0.3399265
1285	TIN	TIN	0.614251	0.38574898
1286	TIN	TIN	0.79671043	0.20328955
1287	TIN	TIN	0.7574946	0.24250533
1288	TIN	TIN	0.5994788	0.4005213
1289	TIN	TIN	0.6611101	0.33888987
1290	TIN	TIN	0.71329004	0.28671
1291	UNT	TIN	0.78730696	0.21269298
1292	TIN	TIN	0.6337838	0.36621612
1293	UNT	TIN	0.69433373	0.30566624
1294	TIN	TIN	0.61764437	0.38235566
1295	UNT	UNT	0.4170659	0.58293414
1296	UNT	TIN	0.63560647	0.36439347
1297	UNT	TIN	0.64193535	0.35806462
1298	TIN	TIN	0.53736633	0.4626336
1299	UNT	TIN	0.8203483	0.17965174
1300	UNT	TIN	0.74553025	0.25446978
1301	UNT	UNT	0.46942908	0.530571
1302	TIN	TIN	0.7724285	0.22757149
1303	TIN	TIN	0.55443364	0.44556636
1304	UNT	TIN	0.5524705	0.44752952
1305	UNT	TIN	0.7672753	0.23272467
1306	UNT	TIN	0.5572553	0.44274458
1307	TIN	TIN	0.78271925	0.21728076
1308	UNT	TIN	0.81359863	0.18640134
1309	TIN	TIN	0.7908299	0.20917004
1310	TIN	UNT	0.4845762	0.5154238
1311	UNT	TIN	0.512083	0.48791698
1312	TIN	TIN	0.79569757	0.20430246
1313	TIN	TIN	0.5760176	0.42398235
1314	UNT	TIN	0.7759644	0.22403556
1315	UNT	TIN	0.7617843	0.23821574
1316	TIN	TIN	0.7494815	0.25051847
1317	UNT	UNT	0.45055768	0.5494424
1318	UNT	TIN	0.77350146	0.22649847
1319	UNT	TIN	0.7669099	0.23309007
1320	UNT	UNT	0.42988768	0.57011235
1321	UNT	TIN	0.5931575	0.40684262
1322	UNT	UNT	0.3819488	0.61805123
1323	UNT	TIN	0.73343486	0.26656523
1324	UNT	UNT	0.38717854	0.61282146
1325	TIN	TIN	0.6785902	0.32140982
1326	TIN	TIN	0.6040505	0.39594948
1327	TIN	TIN	0.7687455	0.23125456
1328	TIN	TIN	0.77528286	0.22471716
1329	TIN	TIN	0.7317707	0.26822934
1330	TIN	TIN	0.75744176	0.2425583
1331	TIN	TIN	0.74110156	0.2588984
1332	TIN	TIN	0.78755957	0.21244045
1333	TIN	TIN	0.7790379	0.22096212
1334	TIN	TIN	0.60598236	0.39401767
1335	TIN	TIN	0.7297235	0.2702765
1336	TIN	TIN	0.7195555	0.2804445
1337	TIN	TIN	0.51280004	0.48719993
1338	TIN	TIN	0.7900659	0.20993413
1339	TIN	TIN	0.7979269	0.20207308
1340	TIN	TIN	0.6650264	0.33497348
1341	TIN	TIN	0.76685876	0.23314127
1342	UNT	UNT	0.47583002	0.5241699
1343	TIN	TIN	0.63463706	0.36536285
1344	TIN	TIN	0.56175745	0.43824252
1345	TIN	TIN	0.81124055	0.1887594
1346	TIN	TIN	0.6954003	0.30459973
1347	TIN	TIN	0.7411046	0.25889546
1348	TIN	TIN	0.66591454	0.33408543
1349	TIN	TIN	0.65435916	0.34564084
1350	TIN	UNT	0.41776663	0.58223337
1351	TIN	TIN	0.78545284	0.21454711
1352	TIN	TIN	0.5614262	0.43857378
1353	UNT	UNT	0.3815725	0.61842746
1354	UNT	UNT	0.38255078	0.6174492
1355	TIN	TIN	0.7670687	0.23293127
1356	TIN	TIN	0.8016794	0.19832066
1357	TIN	TIN	0.58241624	0.41758367
1358	TIN	TIN	0.6770315	0.32296842
1359	TIN	TIN	0.6048671	0.39513287
1360	TIN	TIN	0.7289712	0.27102888
1361	TIN	TIN	0.599428	0.40057197
1362	TIN	TIN	0.7663406	0.23365934
1363	UNT	TIN	0.6834419	0.3165581
1364	TIN	TIN	0.688387	0.31161305
1365	TIN	UNT	0.447055	0.552945
1366	TIN	TIN	0.73783475	0.26216528
1367	TIN	TIN	0.75659686	0.24340314
1368	TIN	TIN	0.7497886	0.2502114
1369	TIN	TIN	0.5711881	0.42881197
1370	TIN	TIN	0.69474006	0.30525994
1371	TIN	TIN	0.77863336	0.22136667
1372	UNT	UNT	0.49156985	0.5084302
1373	TIN	TIN	0.5866494	0.41335058
1374	UNT	TIN	0.56714004	0.43285993
1375	TIN	TIN	0.69991434	0.30008572
1376	TIN	TIN	0.76608825	0.23391178
1377	TIN	TIN	0.57115334	0.42884663
1378	TIN	TIN	0.5609723	0.43902776
1379	TIN	TIN	0.7782862	0.22171375
1380	TIN	TIN	0.75137293	0.24862704
1381	TIN	TIN	0.5898708	0.4101292
1382	TIN	TIN	0.7658669	0.23413315
1383	TIN	TIN	0.6655709	0.33442906
1384	TIN	TIN	0.64637685	0.35362312
1385	TIN	TIN	0.74102473	0.2589753
1386	UNT	TIN	0.6411297	0.3588703
1387	TIN	TIN	0.6138718	0.3861282
1388	TIN	TIN	0.74713063	0.2528693
1389	TIN	TIN	0.7672518	0.23274823
1390	TIN	TIN	0.7298531	0.2701469
1391	TIN	TIN	0.67757225	0.32242775
1392	TIN	TIN	0.60723984	0.39276013
1393	TIN	TIN	0.7381097	0.26189032
1394	TIN	TIN	0.79596335	0.20403676
1395	TIN	TIN	0.6738094	0.3261906
1396	TIN	TIN	0.68487084	0.31512922
1397	TIN	TIN	0.6738682	0.32613176
1398	TIN	TIN	0.78736687	0.21263307
1399	TIN	TIN	0.68878746	0.31121257
1400	TIN	TIN	0.70978916	0.29021084
1401	TIN	TIN	0.74893904	0.251061
1402	TIN	UNT	0.40799007	0.59200996
1403	TIN	UNT	0.43490443	0.5650956
1404	TIN	TIN	0.68307275	0.31692728
1405	TIN	TIN	0.7054085	0.29459152
1406	TIN	TIN	0.5887121	0.41128787
1407	TIN	TIN	0.78420794	0.21579212
1408	TIN	TIN	0.7163667	0.28363332
1409	UNT	TIN	0.6623009	0.3376991
1410	TIN	TIN	0.6002634	0.39973655
1411	UNT	UNT	0.3913039	0.6086961
1412	UNT	TIN	0.6064018	0.3935982
1413	UNT	TIN	0.5970798	0.4029202
1414	UNT	UNT	0.3880729	0.6119271
1415	TIN	TIN	0.66027796	0.3397221
1416	TIN	TIN	0.7039314	0.2960686
1417	TIN	TIN	0.6361899	0.36381012
1418	TIN	TIN	0.74602604	0.253974
1419	TIN	UNT	0.43462187	0.5653781
1420	UNT	UNT	0.4479709	0.55202913
1421	TIN	TIN	0.7733949	0.22660518
1422	TIN	TIN	0.77571195	0.22428806
1423	TIN	TIN	0.5279502	0.4720497
1424	TIN	TIN	0.7390185	0.2609814
1425	TIN	TIN	0.6155271	0.38447285
1426	TIN	TIN	0.65469086	0.34530908
1427	TIN	TIN	0.5924428	0.40755722
1428	TIN	TIN	0.71142364	0.28857633
1429	TIN	TIN	0.8131206	0.18687947
1430	TIN	UNT	0.44059733	0.55940264
1431	TIN	TIN	0.71874046	0.28125954
1432	TIN	TIN	0.7492733	0.25072673
1433	TIN	TIN	0.7133907	0.28660932
1434	UNT	TIN	0.6815932	0.31840682
1435	TIN	TIN	0.66038555	0.33961442
1436	UNT	TIN	0.66181135	0.33818865
1437	TIN	TIN	0.6264237	0.37357628
1438	TIN	TIN	0.6878892	0.31211078
1439	TIN	TIN	0.71361446	0.28638548
1440	TIN	TIN	0.6542313	0.34576866
1441	TIN	TIN	0.67895055	0.3210495
1442	TIN	TIN	0.721532	0.278468
1443	TIN	TIN	0.77029735	0.2297026
1444	TIN	TIN	0.681009	0.31899104
1445	UNT	UNT	0.4287566	0.5712434
1446	TIN	TIN	0.68227047	0.31772947
1447	UNT	TIN	0.7080135	0.29198638
1448	TIN	TIN	0.7486843	0.2513157
1449	TIN	TIN	0.615822	0.38417795
1450	TIN	TIN	0.81395465	0.1860453
1451	UNT	TIN	0.76061815	0.23938178
1452	UNT	TIN	0.78778124	0.21221873
1453	UNT	TIN	0.6353023	0.3646977
1454	UNT	TIN	0.72397184	0.27602822
1455	UNT	TIN	0.5954372	0.40456277
1456	TIN	TIN	0.7664949	0.23350503
1457	TIN	TIN	0.53779167	0.46220827
1458	TIN	UNT	0.49177277	0.50822717
1459	TIN	TIN	0.7254089	0.27459112
1460	TIN	TIN	0.7738413	0.22615866
1461	TIN	TIN	0.7376099	0.26239002
1462	TIN	TIN	0.5791441	0.42085588
1463	TIN	TIN	0.6824384	0.31756166
1464	TIN	TIN	0.65123916	0.34876078
1465	TIN	TIN	0.7537096	0.2462904
1466	TIN	TIN	0.7339966	0.26600334
1467	TIN	TIN	0.7073505	0.29264945
1468	TIN	TIN	0.5255021	0.47449794
1469	TIN	TIN	0.8069053	0.19309464
1470	TIN	TIN	0.8059571	0.19404303
1471	TIN	TIN	0.5734179	0.42658222
1472	TIN	TIN	0.78175896	0.218241
1473	TIN	TIN	0.73172873	0.2682713
1474	TIN	TIN	0.7340348	0.26596528
1475	TIN	TIN	0.6463387	0.3536612
1476	TIN	TIN	0.77755904	0.22244106
1477	TIN	UNT	0.42859507	0.5714049
1478	TIN	TIN	0.67712384	0.32287616
1479	TIN	TIN	0.63707954	0.36292052
1480	TIN	TIN	0.6771874	0.32281265
1481	TIN	TIN	0.6307326	0.36926743
1482	TIN	TIN	0.767378	0.23262207
1483	TIN	TIN	0.6915208	0.30847916
1484	TIN	TIN	0.6437241	0.35627598
1485	TIN	UNT	0.49645668	0.5035433
1486	TIN	TIN	0.62257767	0.37742233
1487	TIN	TIN	0.58723664	0.41276336
1488	TIN	TIN	0.6577449	0.34225512
1489	TIN	TIN	0.7758938	0.2241062
1490	TIN	TIN	0.57894534	0.4210547
1491	TIN	TIN	0.7211406	0.27885938
1492	TIN	TIN	0.7731279	0.22687215
1493	TIN	TIN	0.69169474	0.30830532
1494	TIN	TIN	0.6885138	0.31148618
1495	UNT	UNT	0.3985562	0.6014439
1496	UNT	TIN	0.72146684	0.2785332
1497	TIN	TIN	0.5827107	0.4172894
1498	UNT	TIN	0.72633964	0.27366036
1499	TIN	TIN	0.7481397	0.25186035
1500	UNT	TIN	0.6862212	0.3137788
1501	UNT	TIN	0.5848094	0.4151905
1502	UNT	TIN	0.6919104	0.3080896
1503	TIN	TIN	0.77687	0.22313
1504	UNT	UNT	0.4090145	0.59098554
1505	TIN	TIN	0.6749867	0.32501325
1506	TIN	TIN	0.735619	0.26438102
1507	UNT	TIN	0.7379554	0.26204458
1508	TIN	TIN	0.61191356	0.38808647
1509	TIN	UNT	0.43664756	0.56335247
1510	TIN	TIN	0.6406606	0.35933945
1511	TIN	TIN	0.60281533	0.39718467
1512	TIN	TIN	0.78516525	0.21483475
1513	TIN	TIN	0.76154196	0.23845807
1514	TIN	TIN	0.74219674	0.25780326
1515	UNT	TIN	0.74049515	0.25950482
1516	TIN	TIN	0.7296246	0.27037537
1517	UNT	UNT	0.45205545	0.5479446
1518	UNT	TIN	0.6890978	0.31090215
1519	TIN	TIN	0.77751905	0.22248097
1520	TIN	TIN	0.7224328	0.27756718
1521	TIN	TIN	0.81554544	0.18445459
1522	TIN	TIN	0.7893737	0.21062629
1523	TIN	TIN	0.6582324	0.34176767
1524	UNT	UNT	0.47868645	0.52131355
1525	UNT	TIN	0.6333192	0.3666808
1526	UNT	TIN	0.507105	0.49289498
1527	UNT	TIN	0.63255495	0.3674451
1528	UNT	UNT	0.4285249	0.5714751
1529	UNT	TIN	0.61831063	0.3816894
1530	UNT	TIN	0.69545805	0.30454195
1531	TIN	TIN	0.75509554	0.24490456
1532	UNT	TIN	0.7646904	0.23530956
1533	UNT	UNT	0.38202098	0.617979
1534	TIN	TIN	0.6748611	0.32513893
1535	TIN	TIN	0.7417018	0.25829822
1536	TIN	TIN	0.7824893	0.21751066
1537	TIN	TIN	0.72127295	0.27872697
1538	TIN	TIN	0.7834216	0.21657845
1539	TIN	TIN	0.77066094	0.22933906
1540	TIN	TIN	0.7823469	0.21765311
1541	TIN	TIN	0.79602104	0.203979
1542	UNT	TIN	0.6161352	0.38386488
1543	UNT	TIN	0.51275355	0.48724645
1544	TIN	TIN	0.7379496	0.2620504
1545	UNT	TIN	0.6816634	0.3183366
1546	UNT	TIN	0.5815275	0.4184725
1547	UNT	TIN	0.6463323	0.3536677
1548	TIN	TIN	0.6990994	0.3009006
1549	TIN	TIN	0.79022604	0.20977397
1550	UNT	TIN	0.6933559	0.30664405
1551	TIN	TIN	0.7029859	0.2970141
1552	UNT	TIN	0.71273935	0.28726074
1553	TIN	TIN	0.7762316	0.22376841
1554	UNT	TIN	0.5826943	0.41730568
1555	TIN	TIN	0.7846314	0.21536861
1556	UNT	TIN	0.7122564	0.28774363
1557	UNT	TIN	0.6982206	0.30177942
1558	TIN	TIN	0.7621739	0.23782608
1559	TIN	TIN	0.5480235	0.45197648
1560	UNT	UNT	0.4663621	0.5336379
1561	TIN	TIN	0.6252383	0.37476167
1562	UNT	UNT	0.4168517	0.5831482
1563	UNT	UNT	0.46652666	0.5334734
1564	TIN	TIN	0.5629239	0.43707612
1565	UNT	UNT	0.39535388	0.6046461
1566	UNT	TIN	0.731476	0.268524
1567	TIN	TIN	0.5615865	0.4384135
1568	UNT	TIN	0.69426715	0.3057328
1569	TIN	TIN	0.75777465	0.24222542
1570	UNT	TIN	0.51870054	0.48129946
1571	UNT	TIN	0.7213771	0.27862293
1572	UNT	TIN	0.6830187	0.3169813
1573	TIN	TIN	0.6587099	0.34129012
1574	UNT	TIN	0.69468844	0.30531162
1575	UNT	TIN	0.6275814	0.3724186
1576	UNT	TIN	0.7598622	0.24013776
1577	TIN	TIN	0.6683066	0.33169344
1578	UNT	TIN	0.75083065	0.24916933
1579	UNT	UNT	0.4598462	0.54015386
1580	TIN	TIN	0.675012	0.32498804
1581	UNT	TIN	0.55898833	0.44101164
1582	TIN	TIN	0.6871112	0.31288877
1583	TIN	TIN	0.7247927	0.27520728
1584	TIN	TIN	0.71481085	0.28518915
1585	TIN	TIN	0.7824117	0.21758832
1586	TIN	TIN	0.5946022	0.40539777
1587	TIN	TIN	0.5315584	0.4684416
1588	TIN	TIN	0.54035574	0.4596443
1589	UNT	UNT	0.40832883	0.5916712
1590	TIN	TIN	0.70028377	0.2997163
1591	TIN	TIN	0.7258306	0.27416927
1592	UNT	TIN	0.6540114	0.34598854
1593	UNT	UNT	0.4936853	0.5063147
1594	TIN	UNT	0.43705443	0.56294554
1595	UNT	UNT	0.4843201	0.51567996
1596	TIN	TIN	0.66309255	0.3369075
1597	TIN	TIN	0.66586167	0.33413827
1598	UNT	UNT	0.435462	0.564538
1599	TIN	TIN	0.5065569	0.49344304
1600	TIN	TIN	0.75153726	0.2484628
1601	TIN	TIN	0.6257222	0.37427777
1602	UNT	TIN	0.64985937	0.3501406
1603	TIN	TIN	0.69239676	0.3076032
1604	TIN	TIN	0.723344	0.2766559
1605	UNT	TIN	0.6766172	0.32338277
1606	UNT	TIN	0.7069672	0.29303282
1607	TIN	TIN	0.67688805	0.32311195
1608	UNT	TIN	0.7134774	0.28652263
1609	TIN	TIN	0.7812371	0.21876284
1610	UNT	TIN	0.6657993	0.33420068
1611	TIN	UNT	0.43418258	0.5658174
1612	TIN	TIN	0.7971098	0.20289016
1613	UNT	UNT	0.4415366	0.5584635
1614	TIN	TIN	0.62962735	0.37037268
1615	UNT	TIN	0.74999654	0.2500035
1616	TIN	TIN	0.75100696	0.2489931
1617	TIN	TIN	0.7061457	0.29385427
1618	TIN	TIN	0.77571714	0.22428285
1619	TIN	UNT	0.38254502	0.617455
1620	TIN	TIN	0.71738696	0.28261304
1621	TIN	TIN	0.7651106	0.23488949
1622	TIN	TIN	0.55187786	0.44812214
1623	TIN	TIN	0.7302354	0.26976457
1624	TIN	TIN	0.7459237	0.25407627
1625	TIN	TIN	0.5281674	0.4718325
1626	TIN	UNT	0.49637353	0.50362647
1627	TIN	TIN	0.6814556	0.31854436
1628	TIN	TIN	0.5964903	0.40350962
1629	UNT	UNT	0.41123572	0.5887643
1630	TIN	TIN	0.64752185	0.3524781
1631	TIN	TIN	0.65634125	0.34365875
1632	TIN	TIN	0.790017	0.20998289
1633	TIN	TIN	0.5124024	0.48759753
1634	UNT	UNT	0.39583072	0.60416925
1635	TIN	TIN	0.7065496	0.29345042
1636	TIN	TIN	0.71489674	0.28510335
1637	TIN	TIN	0.53553164	0.46446842
1638	TIN	TIN	0.79019713	0.20980288
1639	TIN	TIN	0.5551499	0.44485015
1640	TIN	TIN	0.71349895	0.28650108
1641	TIN	TIN	0.67146504	0.328535
1642	UNT	TIN	0.7844005	0.21559945
1643	TIN	TIN	0.5666594	0.4333406
1644	TIN	TIN	0.59982014	0.40017995
1645	UNT	TIN	0.7067566	0.2932434
1646	UNT	TIN	0.5613012	0.43869877
1647	UNT	TIN	0.7447058	0.2552941
1648	UNT	UNT	0.3842783	0.61572176
1649	TIN	TIN	0.6906249	0.3093751
1650	TIN	TIN	0.67144114	0.32855892
1651	UNT	TIN	0.6705513	0.32944873
1652	UNT	TIN	0.7265029	0.27349707
1653	TIN	TIN	0.7552744	0.24472557
1654	TIN	TIN	0.6165237	0.38347638
1655	TIN	TIN	0.57675827	0.42324167
1656	TIN	UNT	0.3816885	0.61831146
1657	TIN	TIN	0.59176004	0.40824
1658	TIN	TIN	0.66387975	0.33612028
1659	TIN	TIN	0.7027787	0.29722124
1660	TIN	TIN	0.7351519	0.26484808
1661	UNT	TIN	0.7364153	0.26358464
1662	TIN	TIN	0.6293498	0.37065008
1663	TIN	UNT	0.4392253	0.56077474
1664	TIN	UNT	0.47500515	0.5249949
1665	TIN	TIN	0.7088248	0.2911752
1666	TIN	TIN	0.78457	0.21543002
1667	TIN	TIN	0.67688537	0.32311466
1668	TIN	TIN	0.72264194	0.27735803
1669	TIN	TIN	0.65972483	0.34027526
1670	TIN	TIN	0.6973283	0.30267164
1671	TIN	UNT	0.467323	0.53267694
1672	TIN	TIN	0.68472964	0.31527042
1673	TIN	TIN	0.60139614	0.39860383
1674	UNT	UNT	0.44119444	0.5588056
1675	TIN	TIN	0.7619643	0.23803563
1676	UNT	UNT	0.4166732	0.5833268
1677	TIN	TIN	0.7619536	0.23804635
1678	UNT	UNT	0.38667536	0.61332464
1679	TIN	TIN	0.7560307	0.24396934
1680	TIN	TIN	0.5576206	0.4423794
1681	UNT	TIN	0.64032704	0.3596729
1682	UNT	TIN	0.7484891	0.25151092
1683	UNT	TIN	0.7326928	0.2673073
1684	UNT	TIN	0.5979306	0.40206942
1685	UNT	TIN	0.5469121	0.45308796
1686	UNT	TIN	0.56030524	0.4396948
1687	UNT	UNT	0.4328211	0.56717885
1688	UNT	TIN	0.59070027	0.40929976
1689	UNT	TIN	0.75838494	0.24161504
1690	UNT	TIN	0.57446766	0.42553237
1691	TIN	TIN	0.70375955	0.29624054
1692	TIN	TIN	0.5950377	0.40496227
1693	UNT	TIN	0.5875127	0.41248733
1694	TIN	TIN	0.52029246	0.47970754
1695	UNT	UNT	0.41333017	0.58666974
1696	TIN	TIN	0.7798582	0.22014187
1697	TIN	TIN	0.7156692	0.2843308
1698	UNT	TIN	0.7664105	0.23358952
1699	UNT	TIN	0.5363263	0.4636737
1700	UNT	TIN	0.5826743	0.41732565
1701	UNT	UNT	0.40118015	0.5988198
1702	UNT	TIN	0.6759884	0.32401153
1703	UNT	TIN	0.7388515	0.26114848
1704	UNT	TIN	0.6883003	0.3116996
1705	TIN	UNT	0.3957738	0.6042262
1706	TIN	TIN	0.67285323	0.3271468
1707	TIN	UNT	0.48792663	0.5120734
1708	TIN	TIN	0.64920604	0.35079396
1709	UNT	UNT	0.49445176	0.50554824
1710	TIN	UNT	0.44555068	0.55444926
1711	TIN	TIN	0.76410836	0.2358916
1712	TIN	UNT	0.43145636	0.5685437
1713	TIN	TIN	0.6817999	0.3182001
1714	TIN	TIN	0.8114988	0.18850118
1715	TIN	TIN	0.61749923	0.38250077
1716	UNT	TIN	0.57814807	0.42185193
1717	UNT	TIN	0.72038114	0.2796188
1718	UNT	UNT	0.42300692	0.57699305
1719	UNT	TIN	0.5345398	0.46546015
1720	TIN	TIN	0.76432765	0.23567238
1721	UNT	UNT	0.3873957	0.61260426
1722	UNT	TIN	0.5549812	0.4450188
1723	UNT	TIN	0.67766505	0.32233498
1724	TIN	TIN	0.7118673	0.28813276
1725	UNT	UNT	0.40307134	0.59692866
1726	TIN	TIN	0.7139927	0.28600734
1727	UNT	TIN	0.7401928	0.25980726
1728	UNT	TIN	0.7382928	0.2617072
1729	UNT	TIN	0.54590243	0.45409757
1730	TIN	TIN	0.69283074	0.3071693
1731	UNT	TIN	0.5165788	0.4834212
1732	TIN	TIN	0.7496247	0.25037527
1733	UNT	TIN	0.620972	0.37902808
1734	TIN	TIN	0.7156213	0.2843787
1735	UNT	UNT	0.44710064	0.55289924
1736	TIN	UNT	0.4997823	0.50021774
1737	TIN	TIN	0.68435526	0.31564474
1738	TIN	TIN	0.79195774	0.20804225
1739	UNT	TIN	0.6527892	0.3472108
1740	UNT	TIN	0.75289655	0.24710347
1741	TIN	TIN	0.8053468	0.19465318
1742	UNT	UNT	0.40672037	0.59327966
1743	UNT	TIN	0.6341141	0.3658859
1744	UNT	UNT	0.4928069	0.5071931
1745	UNT	UNT	0.46532026	0.5346798
1746	UNT	TIN	0.7068359	0.29316407
1747	UNT	UNT	0.45815858	0.54184145
1748	UNT	TIN	0.5050518	0.4949482
1749	UNT	UNT	0.46378967	0.5362103
1750	UNT	TIN	0.63599324	0.36400682
1751	UNT	UNT	0.46129522	0.5387048
1752	TIN	TIN	0.79703486	0.20296519
1753	UNT	UNT	0.41692403	0.583076
1754	TIN	TIN	0.72661483	0.27338517
1755	TIN	TIN	0.69147784	0.30852214
1756	UNT	TIN	0.5684821	0.43151796
1757	UNT	UNT	0.43114248	0.5688575
1758	UNT	TIN	0.74958324	0.2504168
1759	UNT	UNT	0.4353605	0.56463945
1760	UNT	TIN	0.7217735	0.2782265
1761	TIN	TIN	0.7747789	0.22522104
1762	TIN	TIN	0.7549821	0.24501783
1763	UNT	TIN	0.76065326	0.23934674
1764	UNT	TIN	0.611211	0.388789
1765	UNT	TIN	0.6215163	0.37848374
1766	UNT	TIN	0.59151024	0.40848976
1767	UNT	TIN	0.76542526	0.23457478
1768	TIN	TIN	0.7371692	0.26283076
1769	UNT	UNT	0.431301	0.568699
1770	UNT	TIN	0.7077868	0.2922133
1771	TIN	TIN	0.6193403	0.38065964
1772	TIN	TIN	0.75876784	0.24123219
1773	UNT	TIN	0.6684844	0.33151567
1774	TIN	TIN	0.71609414	0.28390586
1775	TIN	UNT	0.3818016	0.6181984
1776	TIN	TIN	0.5838267	0.4161733
1777	TIN	TIN	0.54528934	0.4547107
1778	UNT	UNT	0.45652437	0.5434757
1779	TIN	UNT	0.44317886	0.55682105
1780	TIN	TIN	0.69788635	0.3021136
1781	TIN	TIN	0.7248303	0.2751696
1782	TIN	TIN	0.57658225	0.42341775
1783	TIN	TIN	0.5168028	0.48319724
1784	TIN	UNT	0.38180304	0.6181969
1785	TIN	TIN	0.6425428	0.35745722
1786	TIN	TIN	0.6237071	0.3762929
1787	TIN	TIN	0.6781188	0.32188115
1788	UNT	TIN	0.69110084	0.30889922
1789	TIN	TIN	0.66440296	0.33559713
1790	TIN	TIN	0.7890771	0.21092297
1791	TIN	TIN	0.75098217	0.24901786
1792	TIN	TIN	0.8017365	0.19826353
1793	UNT	TIN	0.7099499	0.29005003
1794	TIN	TIN	0.54473364	0.45526636
1795	TIN	TIN	0.64515805	0.35484198
1796	TIN	TIN	0.7426561	0.2573439
1797	TIN	TIN	0.73651534	0.2634846
1798	TIN	TIN	0.7766358	0.22336419
1799	TIN	TIN	0.6505292	0.34947076
1800	UNT	TIN	0.51791304	0.48208696
1801	TIN	TIN	0.7299248	0.2700752
1802	TIN	TIN	0.74432486	0.25567517
1803	TIN	TIN	0.67845935	0.32154074
1804	TIN	TIN	0.76578486	0.23421514
1805	TIN	TIN	0.54172736	0.45827264
1806	TIN	TIN	0.73693675	0.2630632
1807	TIN	TIN	0.7849022	0.21509773
1808	TIN	TIN	0.5820942	0.4179058
1809	TIN	TIN	0.54232156	0.45767844
1810	TIN	TIN	0.69279015	0.30720982
1811	TIN	TIN	0.78746444	0.21253563
1812	TIN	TIN	0.69441676	0.30558324
1813	TIN	UNT	0.47013152	0.5298684
1814	UNT	TIN	0.75643206	0.24356794
1815	TIN	TIN	0.5879756	0.41202435
1816	TIN	TIN	0.7562987	0.24370134
1817	TIN	TIN	0.6654578	0.33454219
1818	TIN	TIN	0.7805858	0.2194141
1819	TIN	TIN	0.7389156	0.26108435
1820	TIN	TIN	0.7448356	0.25516438
1821	TIN	TIN	0.6421361	0.35786393
1822	TIN	TIN	0.63272166	0.36727834
1823	TIN	TIN	0.60670817	0.3932919
1824	TIN	UNT	0.47922602	0.52077395
1825	UNT	TIN	0.54877555	0.45122445
1826	TIN	TIN	0.69349724	0.3065027
1827	TIN	TIN	0.7319824	0.26801762
1828	UNT	TIN	0.77818	0.22182007
1829	TIN	TIN	0.75485885	0.24514118
1830	UNT	TIN	0.7302963	0.26970366
1831	UNT	TIN	0.62752366	0.37247634
1832	UNT	TIN	0.6220437	0.37795627
1833	UNT	TIN	0.8150948	0.18490511
1834	TIN	TIN	0.73897296	0.2610271
1835	TIN	TIN	0.708976	0.29102406
1836	UNT	UNT	0.3915164	0.6084836
1837	UNT	UNT	0.40682712	0.5931729
1838	UNT	UNT	0.39226952	0.60773045
1839	TIN	TIN	0.76505977	0.23494029
1840	UNT	TIN	0.5467407	0.45325926
1841	TIN	TIN	0.72836393	0.27163607
1842	TIN	TIN	0.79971546	0.20028459
1843	UNT	UNT	0.43952122	0.5604788
1844	UNT	TIN	0.6820857	0.3179143
1845	TIN	TIN	0.73173124	0.2682688
1846	UNT	TIN	0.67458004	0.32541996
1847	TIN	TIN	0.77691585	0.2230842
1848	UNT	UNT	0.46672204	0.533278
1849	TIN	TIN	0.70288897	0.29711103
1850	TIN	TIN	0.6288048	0.37119514
1851	UNT	TIN	0.6095664	0.39043364
1852	TIN	TIN	0.59385675	0.40614328
1853	TIN	TIN	0.76462406	0.23537599
1854	UNT	TIN	0.76789296	0.2321071
1855	TIN	UNT	0.42477104	0.5752289
1856	TIN	TIN	0.7065864	0.29341364
1857	TIN	UNT	0.39413637	0.6058636
1858	UNT	TIN	0.75366896	0.24633105
1859	UNT	TIN	0.6471902	0.35280982
1860	TIN	TIN	0.78841406	0.21158598
1861	TIN	UNT	0.42308596	0.576914
1862	UNT	TIN	0.77356887	0.22643112
1863	UNT	UNT	0.49190852	0.50809145
1864	TIN	TIN	0.7372541	0.26274595
1865	UNT	UNT	0.42597443	0.5740256
1866	TIN	TIN	0.63236934	0.3676306
1867	UNT	TIN	0.64788884	0.35211113
1868	UNT	UNT	0.38769478	0.61230516
1869	TIN	TIN	0.63336414	0.3666358
1870	UNT	UNT	0.4839434	0.5160566
1871	TIN	TIN	0.7847336	0.2152664
1872	UNT	TIN	0.6966579	0.30334204
1873	TIN	TIN	0.60017174	0.39982826
1874	TIN	TIN	0.72701406	0.2729859
1875	TIN	TIN	0.70341086	0.29658917
1876	TIN	TIN	0.7649501	0.23504993
1877	UNT	TIN	0.77091414	0.22908585
1878	UNT	TIN	0.71850824	0.28149173
1879	UNT	TIN	0.7494733	0.2505267
1880	TIN	TIN	0.61614805	0.38385192
1881	UNT	TIN	0.8076505	0.1923495
1882	UNT	TIN	0.72312456	0.27687544
1883	UNT	TIN	0.7853014	0.21469867
1884	TIN	TIN	0.6358913	0.3641087
1885	UNT	TIN	0.71195054	0.28804952
1886	TIN	TIN	0.72125995	0.27874
1887	UNT	UNT	0.3816972	0.61830276
1888	UNT	TIN	0.57784855	0.42215148
1889	TIN	TIN	0.6013545	0.39864552
1890	UNT	TIN	0.6791382	0.32086185
1891	UNT	TIN	0.5749362	0.42506382
1892	UNT	TIN	0.62373877	0.37626123
1893	UNT	TIN	0.62387025	0.37612975
1894	UNT	TIN	0.74512047	0.25487956
1895	UNT	TIN	0.6648779	0.33512205
1896	TIN	UNT	0.39903083	0.6009691
1897	UNT	TIN	0.71415687	0.2858431
1898	TIN	UNT	0.4886702	0.5113298
1899	UNT	TIN	0.6997239	0.30027613
1900	TIN	TIN	0.5352613	0.46473876
1901	UNT	TIN	0.77388203	0.22611798
1902	TIN	TIN	0.6882858	0.31171417
1903	UNT	TIN	0.71932966	0.28067037
1904	TIN	TIN	0.5861125	0.4138875
1905	UNT	TIN	0.60721284	0.3927872
1906	TIN	TIN	0.68673515	0.31326485
1907	TIN	TIN	0.61745936	0.38254067
1908	UNT	TIN	0.7067372	0.2932627
1909	UNT	TIN	0.7268029	0.2731972
1910	UNT	TIN	0.76955634	0.23044366
1911	UNT	TIN	0.7954257	0.20457432
1912	TIN	TIN	0.7204423	0.2795578
1913	UNT	TIN	0.7720195	0.22798046
1914	UNT	UNT	0.48785347	0.51214653
1915	TIN	TIN	0.7911402	0.20885986
1916	UNT	TIN	0.54809844	0.45190153
1917	TIN	TIN	0.65823895	0.34176105
1918	UNT	TIN	0.7660296	0.2339704
1919	UNT	TIN	0.6581876	0.3418124
1920	UNT	UNT	0.45273092	0.54726905
1921	UNT	TIN	0.7733254	0.22667469
1922	UNT	TIN	0.57897794	0.42102206
1923	TIN	TIN	0.7819587	0.21804135
1924	UNT	TIN	0.75322896	0.24677102
1925	UNT	UNT	0.38186756	0.6181325
1926	TIN	TIN	0.81187326	0.18812676
1927	UNT	TIN	0.6265156	0.37348443
1928	UNT	TIN	0.68782187	0.31217813
1929	TIN	TIN	0.7146701	0.28532985
1930	UNT	TIN	0.76772225	0.23227777
1931	UNT	TIN	0.69260544	0.30739456
1932	UNT	TIN	0.66791517	0.33208477
1933	UNT	TIN	0.64911026	0.35088968
1934	UNT	TIN	0.7572022	0.24279784
1935	TIN	TIN	0.6808143	0.31918567
1936	UNT	UNT	0.38179696	0.61820304
1937	UNT	UNT	0.4769579	0.52304214
1938	UNT	TIN	0.6563881	0.34361196
1939	UNT	TIN	0.8010189	0.19898112
1940	UNT	TIN	0.6460872	0.3539128
1941	UNT	TIN	0.7219697	0.27803028
1942	UNT	UNT	0.38719088	0.6128091
1943	UNT	UNT	0.4058036	0.5941963
1944	UNT	TIN	0.7836748	0.21632533
1945	UNT	UNT	0.4423835	0.5576165
1946	TIN	TIN	0.6384192	0.36158082
1947	UNT	TIN	0.7279024	0.27209756
1948	UNT	TIN	0.7307325	0.26926753
1949	UNT	UNT	0.4079467	0.59205323
1950	UNT	TIN	0.6821904	0.31780964
1951	UNT	TIN	0.59863317	0.40136683
1952	UNT	TIN	0.6827589	0.3172411
1953	UNT	TIN	0.8061142	0.19388583
1954	UNT	UNT	0.3816369	0.61836314
1955	TIN	TIN	0.6631323	0.33686772
1956	UNT	TIN	0.6558052	0.34419492
1957	UNT	TIN	0.6552037	0.3447963
1958	TIN	TIN	0.64628774	0.35371232
1959	UNT	TIN	0.62076056	0.37923947
1960	UNT	TIN	0.6294608	0.3705392
1961	UNT	TIN	0.6076049	0.3923951
1962	UNT	TIN	0.75817674	0.24182335
1963	UNT	UNT	0.3873289	0.61267114
1964	TIN	TIN	0.707712	0.29228804
1965	UNT	UNT	0.48863885	0.5113612
1966	UNT	TIN	0.6796094	0.32039058
1967	TIN	TIN	0.74273413	0.25726587
1968	TIN	TIN	0.551824	0.44817603
1969	UNT	TIN	0.67950594	0.32049403
1970	UNT	TIN	0.5324906	0.46750936
1971	TIN	TIN	0.69823104	0.3017689
1972	UNT	TIN	0.7246524	0.27534765
1973	TIN	TIN	0.79211867	0.20788135
1974	TIN	TIN	0.69823104	0.3017689
1975	TIN	TIN	0.8041476	0.19585241
1976	UNT	UNT	0.4060158	0.59398425
1977	TIN	TIN	0.53941774	0.46058226
1978	UNT	TIN	0.7814117	0.21858832
1979	TIN	TIN	0.6683934	0.33160666
1980	UNT	UNT	0.4892676	0.5107324
1981	TIN	TIN	0.7489953	0.25100476
1982	TIN	UNT	0.47066796	0.529332
1983	UNT	TIN	0.6498381	0.35016185
1984	UNT	TIN	0.5263572	0.4736428
1985	UNT	TIN	0.67803943	0.32196063
1986	UNT	UNT	0.48309362	0.5169064
1987	UNT	TIN	0.7775824	0.2224176
1988	TIN	TIN	0.60411197	0.395888
1989	UNT	TIN	0.6596909	0.34030908
1990	TIN	TIN	0.6921899	0.30781013
1991	TIN	TIN	0.71496385	0.2850361
1992	UNT	TIN	0.5222976	0.47770235
1993	UNT	TIN	0.6103052	0.38969487
1994	UNT	TIN	0.6006826	0.39931747
1995	TIN	UNT	0.48371708	0.5162829
1996	UNT	TIN	0.7516772	0.24832277
1997	TIN	TIN	0.6563498	0.34365022
1998	TIN	TIN	0.7929322	0.20706782
1999	UNT	TIN	0.7515017	0.24849832
2000	TIN	UNT	0.45094204	0.549058
2001	TIN	TIN	0.7856356	0.21436445
2002	UNT	TIN	0.65536815	0.34463176
2003	UNT	UNT	0.41492212	0.5850779
2004	TIN	TIN	0.80145603	0.1985439
2005	TIN	TIN	0.76540196	0.23459807
2006	TIN	TIN	0.70947796	0.29052204
2007	UNT	TIN	0.6041507	0.39584926
2008	UNT	TIN	0.6610108	0.33898914
2009	TIN	TIN	0.7458278	0.25417227
2010	TIN	TIN	0.62567466	0.37432528
2011	TIN	TIN	0.77810454	0.2218955
2012	UNT	TIN	0.52003247	0.4799676
2013	UNT	TIN	0.7665059	0.23349413
2014	UNT	TIN	0.59392256	0.40607744
2015	UNT	UNT	0.4637779	0.5362221
2016	TIN	TIN	0.59059715	0.40940285
2017	UNT	TIN	0.667592	0.33240795
2018	UNT	UNT	0.46439153	0.5356085
2019	UNT	TIN	0.76364887	0.23635119
2020	TIN	TIN	0.5791558	0.4208441
2021	UNT	TIN	0.6811045	0.3188955
2022	TIN	TIN	0.75003654	0.24996343
2023	TIN	TIN	0.5296729	0.47032708
2024	TIN	TIN	0.7924991	0.20750083
2025	UNT	TIN	0.71588784	0.28411204
2026	UNT	UNT	0.48156914	0.5184309
2027	TIN	TIN	0.71005195	0.28994805
2028	TIN	TIN	0.63584036	0.36415958
2029	UNT	TIN	0.65115625	0.3488437
2030	TIN	TIN	0.56537026	0.43462968
2031	UNT	TIN	0.70730436	0.29269573
2032	TIN	UNT	0.45872855	0.54127145
2033	TIN	TIN	0.55651724	0.44348273
2034	UNT	TIN	0.7463044	0.25369555
2035	TIN	TIN	0.8217592	0.17824075
2036	UNT	TIN	0.7217565	0.27824348
2037	TIN	UNT	0.46043402	0.5395659
2038	TIN	TIN	0.6752853	0.32471475
2039	TIN	TIN	0.50131726	0.49868274
2040	TIN	TIN	0.63334113	0.36665884
2041	UNT	TIN	0.7046305	0.29536948
2042	TIN	TIN	0.7094391	0.29056096
2043	TIN	UNT	0.4469828	0.5530172
2044	TIN	TIN	0.69328564	0.30671436
2045	TIN	TIN	0.6842859	0.31571415
2046	TIN	TIN	0.7505547	0.24944533
2047	UNT	TIN	0.602177	0.39782298
2048	TIN	TIN	0.8020576	0.19794238
2049	UNT	TIN	0.6722001	0.32779995
2050	UNT	TIN	0.6190002	0.38099983
2051	UNT	TIN	0.6707725	0.32922742
2052	UNT	TIN	0.5556858	0.44431415
2053	TIN	TIN	0.5399056	0.46009433
2054	TIN	TIN	0.63000697	0.3699931
2055	TIN	TIN	0.8070384	0.19296154
2056	TIN	TIN	0.73793644	0.2620636
2057	TIN	TIN	0.71205807	0.2879419
2058	UNT	TIN	0.62119514	0.37880495
2059	TIN	TIN	0.5989102	0.40108976
2060	TIN	TIN	0.7382241	0.2617759
2061	TIN	TIN	0.6624286	0.33757138
2062	TIN	TIN	0.71703357	0.28296655
2063	TIN	TIN	0.7174732	0.28252673
2064	TIN	UNT	0.41546106	0.58453894
2065	UNT	TIN	0.8019355	0.19806445
2066	UNT	TIN	0.6640859	0.33591405
2067	TIN	TIN	0.53342456	0.46657538
2068	UNT	UNT	0.41276032	0.5872396
2069	UNT	TIN	0.73886675	0.26113325
2070	TIN	UNT	0.39383253	0.6061675
2071	UNT	TIN	0.68728274	0.3127172
2072	TIN	TIN	0.706125	0.29387495
2073	TIN	TIN	0.7948595	0.20514052
2074	TIN	UNT	0.40058857	0.5994114
2075	TIN	TIN	0.56536525	0.43463472
2076	UNT	UNT	0.4774954	0.52250457
2077	UNT	UNT	0.42004278	0.57995725
2078	TIN	TIN	0.624922	0.37507805
2079	TIN	TIN	0.70726264	0.29273733
2080	TIN	TIN	0.50106615	0.49893385
2081	TIN	TIN	0.73149794	0.26850203
2082	TIN	TIN	0.5850289	0.41497108
2083	TIN	TIN	0.7499082	0.25009182
2084	UNT	TIN	0.50478894	0.49521106
2085	UNT	TIN	0.71848994	0.28151003
2086	TIN	TIN	0.80106586	0.19893415
2087	UNT	TIN	0.7564778	0.24352221
2088	UNT	TIN	0.7326271	0.26737294
2089	UNT	TIN	0.7262772	0.27372283
2090	UNT	TIN	0.70940137	0.29059866
2091	TIN	TIN	0.7138103	0.28618965
2092	TIN	TIN	0.7499859	0.2500141
2093	TIN	TIN	0.6828446	0.31715542
2094	TIN	TIN	0.553635	0.4463649
2095	UNT	TIN	0.6966542	0.30334574
2096	UNT	TIN	0.802403	0.19759698
2097	TIN	TIN	0.7323836	0.26761642
2098	TIN	TIN	0.5573189	0.44268107
2099	UNT	TIN	0.74157387	0.25842613
2100	TIN	TIN	0.5543403	0.4456597
2101	TIN	TIN	0.6919209	0.30807906
2102	TIN	TIN	0.684386	0.31561396
2103	TIN	TIN	0.60187215	0.3981278
2104	TIN	TIN	0.723018	0.276982
2105	TIN	TIN	0.71658653	0.28341344
2106	TIN	TIN	0.6390129	0.3609871
2107	TIN	TIN	0.72105813	0.27894187
2108	TIN	TIN	0.5756297	0.42437032
2109	TIN	TIN	0.76360404	0.23639594
2110	TIN	TIN	0.5300819	0.46991807
2111	TIN	TIN	0.50906193	0.49093804
2112	TIN	UNT	0.4231956	0.5768044
2113	TIN	TIN	0.6084862	0.39151382
2114	TIN	TIN	0.5068319	0.4931681
2115	TIN	TIN	0.7088854	0.29111466
2116	TIN	UNT	0.47280535	0.5271947
2117	TIN	TIN	0.5295188	0.47048122
2118	TIN	TIN	0.5190748	0.4809252
2119	TIN	UNT	0.49539015	0.50460976
2120	TIN	TIN	0.5176025	0.48239747
2121	TIN	TIN	0.61031926	0.38968074
2122	TIN	TIN	0.7711764	0.22882368
2123	TIN	TIN	0.53532696	0.46467298
2124	TIN	TIN	0.7203339	0.27966616
2125	TIN	TIN	0.70740575	0.29259422
2126	TIN	TIN	0.59185743	0.40814263
2127	TIN	TIN	0.6614437	0.33855626
2128	TIN	TIN	0.676661	0.32333902
2129	TIN	TIN	0.7109388	0.2890612
2130	UNT	TIN	0.7838356	0.21616451
2131	TIN	TIN	0.7667724	0.23322755
2132	TIN	TIN	0.6967522	0.30324784
2133	TIN	TIN	0.7877178	0.21228215
2134	TIN	TIN	0.8207704	0.17922965
2135	UNT	TIN	0.78538483	0.21461523
2136	TIN	TIN	0.7462827	0.2537173
2137	UNT	TIN	0.71738696	0.28261304
2138	TIN	TIN	0.6247608	0.37523916
2139	TIN	TIN	0.7147473	0.2852527
2140	UNT	TIN	0.7236854	0.2763146
2141	UNT	TIN	0.6327795	0.36722058
2142	TIN	TIN	0.7228983	0.2771017
2143	TIN	TIN	0.7024557	0.29754427
2144	TIN	TIN	0.72635525	0.27364472
2145	UNT	TIN	0.79264396	0.20735608
2146	UNT	TIN	0.56276155	0.43723848
2147	UNT	TIN	0.7257585	0.27424154
2148	UNT	UNT	0.38158756	0.6184125
2149	TIN	TIN	0.7376816	0.26231834
2150	UNT	UNT	0.40772766	0.59227234
2151	TIN	TIN	0.7146359	0.28536406
2152	UNT	TIN	0.7849963	0.21500382
2153	UNT	TIN	0.7485811	0.25141892
2154	UNT	UNT	0.47385907	0.5261409
2155	UNT	TIN	0.77395725	0.22604267
2156	TIN	TIN	0.73226744	0.26773256
2157	TIN	TIN	0.729326	0.27067396
2158	TIN	TIN	0.7170953	0.28290474
2159	UNT	UNT	0.49046263	0.50953734
2160	TIN	UNT	0.42576486	0.57423514
2161	TIN	TIN	0.66994125	0.3300587
2162	UNT	TIN	0.66865313	0.3313468
2163	TIN	TIN	0.67629576	0.32370424
2164	UNT	TIN	0.7035118	0.2964882
2165	TIN	TIN	0.7488012	0.25119877
2166	UNT	UNT	0.44847217	0.55152786
2167	UNT	TIN	0.7702714	0.22972855
2168	TIN	TIN	0.67034024	0.3296598
2169	TIN	TIN	0.77332926	0.22667076
2170	UNT	TIN	0.78355676	0.21644315
2171	TIN	TIN	0.56770694	0.43229303
2172	UNT	TIN	0.7711895	0.22881044
2173	UNT	TIN	0.6048499	0.3951501
2174	TIN	TIN	0.73337245	0.26662755
2175	TIN	UNT	0.38974336	0.6102566
2176	UNT	TIN	0.7766557	0.22334439
2177	TIN	TIN	0.65622497	0.343775
2178	TIN	TIN	0.77974486	0.22025517
2179	UNT	TIN	0.77339625	0.2266037
2180	UNT	TIN	0.5303283	0.4696717
2181	TIN	TIN	0.7192508	0.2807493
2182	UNT	UNT	0.45111534	0.5488847
2183	UNT	TIN	0.68778074	0.31221923
2184	TIN	TIN	0.6306778	0.36932224
2185	UNT	TIN	0.71738696	0.28261304
2186	UNT	TIN	0.76512367	0.23487628
2187	TIN	TIN	0.72700125	0.27299884
2188	UNT	TIN	0.6934846	0.30651534
2189	TIN	TIN	0.5998606	0.40013942
2190	TIN	TIN	0.7856469	0.21435305
2191	TIN	UNT	0.41854334	0.58145666
2192	UNT	TIN	0.5228976	0.4771024
2193	TIN	TIN	0.7461197	0.25388032
2194	UNT	TIN	0.7045395	0.29546052
2195	UNT	UNT	0.43876094	0.56123906
2196	TIN	TIN	0.69145614	0.30854377
2197	TIN	TIN	0.80864114	0.19135883
2198	TIN	TIN	0.61136	0.38864
2199	TIN	TIN	0.7387568	0.26124316
2200	UNT	TIN	0.76451385	0.23548622
2201	TIN	TIN	0.7835526	0.21644741
2202	TIN	TIN	0.5612841	0.4387159
2203	TIN	TIN	0.5806079	0.41939208
2204	TIN	TIN	0.5199207	0.48007932
2205	TIN	TIN	0.59379816	0.40620193
2206	TIN	TIN	0.75584036	0.24415968
2207	TIN	TIN	0.7539327	0.24606737
2208	TIN	TIN	0.72320396	0.27679604
2209	TIN	TIN	0.67779154	0.32220852
2210	TIN	TIN	0.78794795	0.21205209
2211	TIN	UNT	0.48347455	0.5165254
2212	TIN	TIN	0.77467906	0.22532097
2213	TIN	UNT	0.38361913	0.6163809
2214	TIN	TIN	0.7431601	0.25683984
2215	TIN	TIN	0.5919394	0.4080606
2216	TIN	TIN	0.57252985	0.42747012
2217	TIN	TIN	0.79958254	0.20041747
2218	TIN	TIN	0.67361504	0.326385
2219	TIN	TIN	0.69716984	0.30283013
2220	TIN	TIN	0.7181337	0.28186637
2221	TIN	TIN	0.71672505	0.28327498
2222	TIN	TIN	0.6834747	0.31652525
2223	TIN	TIN	0.61628723	0.38371283
2224	TIN	TIN	0.756251	0.243749
2225	TIN	TIN	0.7011851	0.29881486
2226	UNT	TIN	0.7272904	0.27270958
2227	TIN	TIN	0.72787863	0.27212134
2228	UNT	UNT	0.443338	0.5566619
2229	TIN	TIN	0.81827945	0.18172051
2230	TIN	TIN	0.77040917	0.22959079
2231	TIN	TIN	0.7882805	0.21171957
2232	TIN	TIN	0.6702553	0.32974473
2233	TIN	UNT	0.40334055	0.5966595
2234	TIN	TIN	0.7411307	0.25886923
2235	UNT	TIN	0.70118904	0.29881096
2236	TIN	TIN	0.5422089	0.45779115
2237	TIN	TIN	0.5683166	0.43168345
2238	TIN	UNT	0.46086028	0.5391397
2239	TIN	UNT	0.4564914	0.54350865
2240	TIN	TIN	0.6827703	0.3172296
2241	TIN	TIN	0.60891587	0.39108416
2242	TIN	TIN	0.82499003	0.17500998
2243	TIN	TIN	0.5486707	0.45132923
2244	TIN	TIN	0.7235891	0.27641085
2245	TIN	TIN	0.5394295	0.4605705
2246	TIN	TIN	0.6639531	0.33604687
2247	TIN	TIN	0.66505116	0.33494887
2248	TIN	TIN	0.66542876	0.33457127
2249	TIN	UNT	0.44018224	0.55981773
2250	TIN	UNT	0.48480865	0.5151913
2251	TIN	TIN	0.67021173	0.32978827
2252	TIN	TIN	0.5898206	0.41017938
2253	TIN	TIN	0.57068974	0.4293103
2254	TIN	TIN	0.7660157	0.23398429
2255	TIN	TIN	0.58192855	0.41807145
2256	TIN	TIN	0.75725716	0.24274285
2257	TIN	TIN	0.50487447	0.49512556
2258	TIN	TIN	0.5563898	0.4436102
2259	TIN	TIN	0.7572627	0.24273735
2260	TIN	TIN	0.642347	0.35765308
2261	TIN	UNT	0.43886134	0.5611387
2262	TIN	TIN	0.58572423	0.4142757
2263	TIN	UNT	0.47586885	0.5241311
2264	TIN	UNT	0.40794057	0.59205943
2265	TIN	TIN	0.80897677	0.19102328
2266	TIN	TIN	0.74459493	0.25540504
2267	TIN	TIN	0.65500134	0.3449987
2268	TIN	UNT	0.38707432	0.6129257
2269	TIN	UNT	0.43413606	0.56586397
2270	TIN	TIN	0.7840707	0.21592934
2271	TIN	TIN	0.76808023	0.23191966
2272	TIN	TIN	0.61619234	0.38380772
2273	TIN	TIN	0.7207339	0.2792661
2274	TIN	TIN	0.7244091	0.2755909
2275	TIN	TIN	0.62079346	0.3792066
2276	TIN	TIN	0.5509701	0.4490299
2277	TIN	TIN	0.52794045	0.47205955
2278	TIN	TIN	0.6579503	0.34204975
2279	TIN	TIN	0.71318984	0.28681013
2280	TIN	TIN	0.66981256	0.3301875
2281	TIN	UNT	0.4389073	0.5610927
2282	TIN	TIN	0.69590783	0.30409214
2283	TIN	TIN	0.61557955	0.38442054
2284	TIN	TIN	0.5722476	0.42775238
2285	TIN	TIN	0.7907316	0.2092684
2286	TIN	TIN	0.7623906	0.2376094
2287	UNT	TIN	0.7216489	0.2783511
2288	UNT	UNT	0.41896483	0.58103514
2289	UNT	TIN	0.64456713	0.3554329
2290	UNT	TIN	0.76497287	0.23502716
2291	UNT	TIN	0.7705596	0.22944036
2292	UNT	TIN	0.6741641	0.32583582
2293	UNT	UNT	0.49815768	0.50184226
2294	UNT	TIN	0.67237854	0.32762152
2295	UNT	TIN	0.5224621	0.4775379
2296	UNT	TIN	0.6001738	0.39982626
2297	UNT	TIN	0.5028504	0.49714965
2298	TIN	TIN	0.7876781	0.2123219
2299	TIN	TIN	0.61543083	0.38456917
2300	UNT	TIN	0.7881145	0.21188551
2301	UNT	TIN	0.63257	0.36742997
2302	UNT	TIN	0.6503826	0.34961745
2303	UNT	TIN	0.64931464	0.35068533
2304	UNT	TIN	0.7536461	0.24635392
2305	UNT	TIN	0.6037711	0.39622897
2306	UNT	UNT	0.4393604	0.5606396
2307	UNT	TIN	0.7298692	0.2701309
2308	UNT	UNT	0.38200182	0.61799824
2309	UNT	TIN	0.5501758	0.44982418
2310	UNT	UNT	0.49069956	0.5093005
2311	TIN	UNT	0.3814297	0.61857027
2312	UNT	TIN	0.6172622	0.38273785
2313	TIN	TIN	0.7264909	0.273509
2314	UNT	UNT	0.39067703	0.60932285
2315	UNT	TIN	0.5330021	0.46699792
2316	UNT	TIN	0.53696907	0.46303096
2317	TIN	TIN	0.55341643	0.4465836
2318	UNT	TIN	0.6929476	0.30705234
2319	TIN	TIN	0.76677424	0.23322572
2320	UNT	UNT	0.46686834	0.53313166
2321	UNT	TIN	0.5838387	0.4161614
2322	UNT	TIN	0.71784556	0.2821545
2323	UNT	UNT	0.40697992	0.5930201
2324	UNT	TIN	0.50316113	0.4968389
2325	UNT	TIN	0.7278068	0.27219322
2326	UNT	TIN	0.6379385	0.36206156
2327	TIN	TIN	0.5892689	0.41073108
2328	UNT	TIN	0.7019112	0.29808882
2329	UNT	TIN	0.6850783	0.31492165
2330	UNT	TIN	0.5688476	0.43115237
2331	UNT	TIN	0.6883673	0.31163263
2332	UNT	TIN	0.5189222	0.48107782
2333	UNT	TIN	0.56904066	0.4309594
2334	UNT	UNT	0.3872373	0.61276275
2335	TIN	TIN	0.7347438	0.26525617
2336	UNT	UNT	0.42462498	0.5753751
2337	UNT	TIN	0.72688186	0.27311814
2338	UNT	TIN	0.6726789	0.32732117
2339	UNT	TIN	0.68386066	0.3161394
2340	TIN	TIN	0.75593764	0.24406242
2341	UNT	UNT	0.47061798	0.529382
2342	UNT	TIN	0.7681941	0.23180589
2343	UNT	UNT	0.46902502	0.5309749
2344	UNT	TIN	0.7680991	0.23190083
2345	UNT	UNT	0.38162023	0.6183797
2346	UNT	TIN	0.74325424	0.25674582
2347	UNT	TIN	0.51965356	0.48034635
2348	UNT	TIN	0.71937764	0.28062236
2349	TIN	TIN	0.80019224	0.19980778
2350	UNT	UNT	0.38176453	0.6182355
2351	UNT	TIN	0.7792398	0.22076024
2352	UNT	TIN	0.50598544	0.4940146
2353	UNT	TIN	0.80885565	0.19114433
2354	UNT	UNT	0.38175568	0.6182444
2355	UNT	TIN	0.60097075	0.3990292
2356	UNT	TIN	0.7438488	0.25615117
2357	TIN	UNT	0.43133777	0.5686622
2358	UNT	UNT	0.46974343	0.53025657
2359	UNT	TIN	0.61252284	0.38747713
2360	UNT	TIN	0.60150516	0.39849478
2361	UNT	TIN	0.7391704	0.26082963
2362	UNT	TIN	0.728063	0.271937
2363	UNT	TIN	0.72947794	0.27052206
2364	UNT	UNT	0.3816806	0.6183194
2365	UNT	TIN	0.5725791	0.42742094
2366	UNT	TIN	0.57239634	0.4276037
2367	UNT	TIN	0.72082907	0.27917096
2368	UNT	TIN	0.6915234	0.30847666
2369	UNT	TIN	0.7322699	0.26773006
2370	UNT	UNT	0.41849726	0.5815028
2371	UNT	TIN	0.57302845	0.42697152
2372	UNT	UNT	0.45190966	0.5480903
2373	UNT	TIN	0.6874222	0.31257772
2374	UNT	TIN	0.59866226	0.4013377
2375	UNT	TIN	0.7268702	0.27312982
2376	UNT	TIN	0.60073084	0.39926922
2377	UNT	UNT	0.48811662	0.5118834
2378	UNT	TIN	0.55951625	0.44048372
2379	TIN	TIN	0.57484025	0.42515975
2380	UNT	TIN	0.62646276	0.3735373
2381	UNT	UNT	0.4666125	0.53338754
2382	UNT	TIN	0.7859977	0.21400234
2383	UNT	TIN	0.71497816	0.2850218
2384	UNT	TIN	0.65579414	0.34420592
2385	TIN	TIN	0.7714417	0.22855833
2386	UNT	TIN	0.7907607	0.2092393
2387	UNT	TIN	0.7059326	0.29406744
2388	TIN	TIN	0.78346485	0.21653514
2389	UNT	TIN	0.67954445	0.32045555
2390	UNT	TIN	0.6948632	0.30513683
2391	UNT	TIN	0.7017065	0.29829347
2392	UNT	TIN	0.6650775	0.33492243
2393	UNT	TIN	0.6857195	0.3142805
2394	UNT	TIN	0.63622314	0.36377695
2395	UNT	TIN	0.6122095	0.38779053
2396	UNT	TIN	0.65535396	0.34464607
2397	TIN	TIN	0.705195	0.2948049
2398	UNT	TIN	0.7996908	0.20030917
2399	TIN	TIN	0.70809126	0.2919088
2400	UNT	TIN	0.60526156	0.3947384
2401	UNT	TIN	0.6863969	0.31360304
2402	UNT	TIN	0.5150727	0.48492736
2403	UNT	TIN	0.60768336	0.3923167
2404	UNT	UNT	0.46013233	0.53986764
2405	TIN	TIN	0.5533062	0.4466938
2406	TIN	UNT	0.42109376	0.57890624
2407	TIN	TIN	0.6916471	0.30835292
2408	TIN	TIN	0.77933	0.22066994
2409	TIN	TIN	0.74655455	0.2534454
2410	TIN	TIN	0.7709916	0.22900839
2411	TIN	TIN	0.69130045	0.30869952
2412	TIN	TIN	0.78963846	0.21036156
2413	TIN	TIN	0.81447405	0.18552594
2414	TIN	TIN	0.67939883	0.32060114
2415	TIN	UNT	0.4037273	0.59627277
2416	TIN	TIN	0.54196125	0.45803875
2417	TIN	TIN	0.6159632	0.38403675
2418	TIN	TIN	0.6942195	0.3057804
2419	TIN	TIN	0.5872618	0.41273817
2420	TIN	TIN	0.696464	0.303536
2421	TIN	TIN	0.744054	0.255946
2422	TIN	TIN	0.7191576	0.28084245
2423	TIN	TIN	0.7747866	0.22521342
2424	TIN	TIN	0.7586765	0.2413235
2425	TIN	TIN	0.75369936	0.24630068
2426	TIN	TIN	0.75798637	0.24201362
2427	TIN	TIN	0.7745666	0.22543338
2428	TIN	UNT	0.44073987	0.5592601
2429	TIN	TIN	0.6934906	0.3065094
2430	TIN	TIN	0.70570415	0.29429582
2431	TIN	UNT	0.38151056	0.61848944
2432	TIN	TIN	0.80378747	0.19621256
2433	TIN	TIN	0.7718522	0.22814777
2434	TIN	TIN	0.76675415	0.23324582
2435	TIN	TIN	0.70966065	0.29033935
2436	TIN	TIN	0.50778735	0.49221256
2437	TIN	TIN	0.7994754	0.20052466
2438	TIN	UNT	0.44228828	0.5577117
2439	TIN	TIN	0.70682544	0.2931746
2440	TIN	TIN	0.5681064	0.43189356
2441	TIN	TIN	0.59939265	0.40060732
2442	TIN	TIN	0.70792377	0.29207626
2443	TIN	TIN	0.6477231	0.35227692
2444	TIN	TIN	0.58221227	0.41778767
2445	TIN	TIN	0.61326176	0.38673824
2446	TIN	TIN	0.57064223	0.42935774
2447	TIN	UNT	0.4868777	0.5131223
2448	TIN	TIN	0.6801471	0.31985286
2449	TIN	TIN	0.61907214	0.38092783
2450	TIN	TIN	0.7233206	0.27667946
2451	TIN	TIN	0.725935	0.27406502
2452	TIN	TIN	0.57933104	0.42066896
2453	TIN	TIN	0.79141295	0.20858705
2454	TIN	TIN	0.6249057	0.3750943
2455	TIN	TIN	0.7697495	0.23025045
2456	TIN	TIN	0.7920355	0.20796448
2457	TIN	TIN	0.6459095	0.35409063
2458	TIN	TIN	0.71399957	0.28600052
2459	TIN	TIN	0.6838017	0.3161983
2460	TIN	TIN	0.66262025	0.3373798
2461	TIN	TIN	0.74347174	0.25652823
2462	TIN	TIN	0.54670185	0.4532982
2463	TIN	TIN	0.7937507	0.20624933
2464	TIN	TIN	0.6780953	0.3219047
2465	TIN	TIN	0.5477997	0.45220032
2466	TIN	TIN	0.6100699	0.3899301
2467	TIN	TIN	0.616097	0.38390294
2468	TIN	TIN	0.6936099	0.30639008
